24,0,-1.8014233691330408,0.3977633941559149,21.83091098101601,31.754431825416283
24,12,-2.3151496553208077,0.36979813606826506,20.50447697733202,31.457319211291267
24,24,-9.017184766064148,0.111423397523855,15.938999768379134,26.394059310503575
24,36,14.430551087329938,0.9652013178309676,22.675584887108148,40.821285835559486
24,48,-2.1123502436735455,0.3807451567173536,20.683007419166973,34.5312275591793
24,60,-11.32925738568175,0.06858328584598838,0.7288527712757168,18.472417429177746
24,72,9.164839768971907,0.8918985585139286,22.422483954447124,39.36319554664968
24,84,4.772783910563574,0.7500678350731999,22.27122972767889,37.97475825562369
24,96,0.056801807875436934,0.5032697282911078,21.66614238304414,35.590623403699574
24,108,-6.59026885851714,0.17983504313567605,12.268933255219565,23.146689659579845
24,120,-5.007702849854971,0.2399294760602615,19.420787372212512,33.74769733823345
24,132,-11.177344557117028,0.07085174636122951,12.13677499107309,20.001859336387156
24,144,12.21311377435562,0.943330116185261,22.605288207300163,37.52693532856648
24,156,-18.028512490066408,0.015501151593281479,0.2963414739859739,0.6702065908908703
24,168,-13.000932336557776,0.0477169650872153,9.154328923100909,7.398222733155999
24,180,3.630199555647848,0.6975977026724659,22.23132376410906,36.613445268644966
24,192,-4.05648508092858,0.28210576330675785,19.901503276313598,34.72061505886129
24,204,11.562625740176482,0.9347707281970862,22.597948509468903,38.415039002594504
24,216,-11.745132550223252,0.06271323846072331,11.92988230358081,23.369604938882475
24,228,-17.310088641468646,0.01823883047913797,1.2995994613301352,2.300214330268172
24,240,4.698723406834629,0.7468573515222166,21.983336196825462,37.042321199558685
24,252,-9.107234189652113,0.10938697743590492,20.81744131272449,21.626927821956244
24,264,-0.5897454983271595,0.4661035916195698,22.049922631190583,32.45282963911353
24,276,0.3051158207585957,0.5175566577064447,21.6872803392043,38.03966755056947
24,288,6.478397537445563,0.8163342197101817,22.428737381150007,36.878771073614075
36,0,-18.763629284646825,0.013119033604482754,0.05953695227184043,0.09331221041442239
36,12,-16.12173545834818,0.023842208376104443,3.7938080262479827,7.494768827903216
36,24,-18.626123327834247,0.013535340893234982,0.11352977546087185,0.25396365131110943
36,36,-15.142791810150353,0.029691401578947025,5.886738998204285,11.532488714302682
36,48,-17.23462728452844,0.018552579843595464,1.4644324468310734,3.206793602074959
36,60,-17.125105791017234,0.019017382124265972,0.007934862806710049,2.138839632828461
36,72,-10.209224837753986,0.08700531167356983,14.124345688319018,28.87239824437799
36,84,-18.206915157320083,0.014886572707457087,0.19838726020602138,0.5433803118262273
36,96,-16.026593846582426,0.024357424186339918,3.878157002999993,7.6027709090503794
36,108,-17.83006377956428,0.01621415026910219,0.00249614380042513,0.323015862246485
36,120,-16.711274009636504,0.020878965641340032,1.8768224069940458,4.086758974317496
36,132,-18.34560191937841,0.014425447337188126,0.07853057890587796,0.31926229962168073
36,144,-18.220133359698078,0.01484200421414562,0.0005377880456373536,0.19289052722992414
36,156,-18.24267356250069,0.014766307192687515,0.09201628815930414,0.3278882283955911
36,168,-14.760755845222812,0.03233331294827153,0.4307158686421305,2.2397167080685216
36,180,-14.258910780223582,0.03615080808300121,7.997591806187591,13.417921200428527
36,192,-17.501012993649415,0.017468087778286213,0.9721774660731867,2.5405567439532533
36,204,-14.365298490018812,0.03530687927278349,0.0885922772665105,1.7190867681212991
36,216,-17.47628758380432,0.01756606943171873,0.028150127265139442,0.5346249363712198
36,228,-18.388049994020374,0.014287143980608206,0.07165380910760519,0.3057251606681812
36,240,-2.398154936259128,0.3653551676662787,21.552361889587715,35.97529221222669
36,252,-17.289205874689205,0.018325130905968625,1.4079180127677688,2.3252239188550705
36,264,-11.781086685904281,0.06222836948868801,12.392793650558911,20.996532673867033
36,276,-17.67921377419363,0.016777620918981773,0.9219698969066641,2.029679874713753
48,0,-18.796996986491344,0.013019931039473622,0.0012889844536596645,0.00415771610460938
48,12,-18.45178060482452,0.014081948696506773,0.001150593452069206,0.12073292101893306
48,24,-18.225911369251428,0.014822563505884814,9.251533743688691e-05,0.19468256545133542
48,36,-18.323450212263438,0.01449814453676249,0.00353867283144563,0.16956744816877536
48,48,-17.725253941734078,0.016603636008087386,0.0003670314475716691,0.40074052929422077
48,60,-17.974059283061713,0.01569366407845955,1.4948211985857428e-05,0.2815176253243383
48,72,-18.23780402602126,0.014782628343275272,0.0013858134535437,0.202972566601746
48,84,-18.29336440411161,0.014597458115674389,0.0012829633492725606,0.18596649072704513
48,96,-18.145038158413747,0.0150969654003245,0.0007665157828399419,0.21299249264275613
48,108,-17.08828024775296,0.019176218200467283,0.00032721613412138177,0.6617323466569464
48,120,-16.961035164633124,0.01973512692595981,0.01753397763961527,0.6792256623517514
48,132,-18.499610900160487,0.01392985892854175,1.178390345455845e-07,0.10284278303880454
48,144,-18.30738844123261,0.014551081496763466,0.0010373560459545704,0.18162918307276438
48,156,-17.35498944651211,0.01805462140160975,0.0008667037988661075,0.5446242580855506
48,168,-17.995065404084258,0.015619122396118451,0.02060680073390314,0.3045378564406099
48,180,-17.805291489613506,0.016305388222061443,0.08505239670663708,0.5118567451988655
48,192,-18.392096978662508,0.014274026617729427,4.6288581516896385e-05,0.13812804665055664
48,204,-13.742798102881725,0.04052776027654218,0.0023722822401569285,2.20351370756156
48,216,-18.048091540268548,0.015432501966203884,0.0008625783410172633,0.3045292742849572
48,228,-18.19146323811944,0.014938839862401103,0.28599242226307503,0.5606602511730567
48,240,-16.809261297508158,0.020422673512410505,0.3755284911730532,1.3908678457623196
48,252,-18.489065046682033,0.013963252636116474,0.023961287331644626,0.1296267497487647
48,264,-17.595762428946422,0.017097561308703952,0.14291251106300001,0.6475401382662005
60,0,-18.792628410168618,0.013032863627387557,0.0001947662117765121,0.004752398850756199
60,12,-17.593682677563528,0.017105610868442353,7.833799195243991e-06,0.4199341426549219
60,24,-18.070228885882084,0.015355242669420881,2.233847340232083e-06,0.25220692222006763
60,36,-18.050181989329573,0.015425189972292672,0.00013513272474466662,0.26802587875608064
60,48,-17.664848871887912,0.016832271502186337,0.0001721594178742337,0.38688074893124524
60,60,-17.056147040515146,0.019315877391305268,1.167810103465035e-07,0.5950523417206891
60,72,-18.300687551394656,0.014573222785062803,0.000442029412114673,0.19009372221844337
60,84,-18.17814067855363,0.014984049371640487,0.00016232007869069782,0.20841037952444158
60,96,-18.173262487067735,0.015000636973775832,0.0001443517870900778,0.21282273605442556
60,108,-17.135287911950382,0.018973692700204502,0.0001880420397187425,0.6625143681090716
60,120,-17.856384061832152,0.01611776110898354,8.287679845489511e-07,0.34275930708529023
60,132,-18.55185924907888,0.013765571119064415,5.753460793464583e-06,0.08871129973766
60,144,-18.00285098313307,0.015591583322127258,2.7377567364470413e-05,0.30936518785781086
60,156,-18.067147967703306,0.015365972217572927,0.0004297732998998338,0.24361126164397834
60,168,-16.492869613614737,0.02193219023734183,0.00419797902358787,0.8336969262434873
60,180,-17.931581387189382,0.015845471134539903,0.002648577466913421,0.2856326530733594
60,192,-18.188385520189925,0.014949272013443763,8.859739542509156e-05,0.212609843177703
60,204,-18.603860883434702,0.013603956459847138,0.00046568361669775395,0.11370179412220821
60,216,-17.238389609388825,0.018536812366728314,0.021343209486404818,0.6606507739497003
60,228,-17.819482583265803,0.016253059909351324,0.0005723544636498533,0.35470157349544373
60,240,-17.968053417273364,0.015715040590347062,0.007881451767457583,0.3356886108732489
60,252,-18.10274136115763,0.015242463962367761,0.0019278478992143609,0.2548665987765908
72,0,-18.64019618970187,0.013492142816934819,1.2698129014552237e-05,0.05183249344413453
72,12,-17.335266938094534,0.018135308549804732,3.6756518930480074e-06,0.5177043037566822
72,24,-17.82976430245168,0.016215250258703316,5.283732879899121e-07,0.3546417330345503
72,36,-18.12495625052607,0.015165874708578969,0.00017933063387526402,0.23357844924611773
72,48,-17.109844183971774,0.01908305140071626,1.249155962460405e-05,0.5920621511362616
72,60,-15.771724650272123,0.025791664806658426,4.458150628914618e-07,1.0298704031015617
72,72,-18.176386901580347,0.014990010762182827,2.672227193087644e-05,0.21466573628845217
72,84,-18.2260514815143,0.014822092395351713,3.7798261978841594e-05,0.20376198960636566
72,96,-17.779224194465606,0.016401940935047737,0.00031245390118310397,0.3626767844781691
72,108,-18.00945510835508,0.015568260738925643,3.95435265368465e-08,0.3026669013667838
72,120,-17.676439668050946,0.016788161267038706,7.121070431700277e-05,0.4129570179491923
72,132,-18.38904960039812,0.014283902883838965,1.8553973074208802e-06,0.1536721881564801
72,144,-18.31926406436979,0.014511923082424896,0.00011275443500388873,0.16676744797895648
72,156,-15.902613187902784,0.025045124595900803,0.0006705988604646043,0.9602643991137119
72,168,-16.54332172942595,0.021684370492740843,0.0009928332190605568,0.8080414473664521
72,180,-16.002129989754895,0.024491647122235928,0.013628041920485431,0.9116956903679656
72,192,-18.788689531590176,0.01304453501917765,2.1938421934220963e-05,0.006395207529554285
72,204,-18.58172270926063,0.013672529156712548,0.038740007470080336,0.09224700612092858
72,216,-17.45526705941942,0.01764979375007508,0.0011728845873176317,0.5210802673321996
72,228,-18.17230289690839,0.015003902052565346,0.0005184490233095929,0.2126845811294773
72,240,-17.626753552159798,0.016978051994326403,0.002598207978316413,0.481673709394031
84,0,-18.4745367233051,0.01400938621869438,7.416165331409174e-06,0.10457513012023976
84,12,-17.20894862497304,0.018660548120860702,8.263043867797782e-07,0.6030228855641564
84,24,-17.98454529672408,0.015656410072253955,7.05539641412239e-07,0.2936767070878561
84,36,-17.902814604520053,0.015949097158466378,1.226912847358631e-05,0.3260987434704425
