24,0,-2.936121070077675,0.33713970309566493,21.852584355913702,22.428368316445773
24,12,nan,nan,nan,nan
24,24,-0.4487714331326837,0.47418960213386746,22.4049128287308,25.384665890689554
24,36,2.6871932057811962,0.6499339978669051,22.70586907005648,30.212927827129292
24,48,-2.6910061215512275,0.3498662759981576,22.696058690402317,26.626059465062582
24,60,1.5055573619746452,0.585809198002301,22.139948912448805,30.4262792232093
24,72,-0.9984784928601448,0.44277480222897336,22.253540763046367,29.125173527808073
24,84,-1.1026717583993815,0.43686391951492715,21.736196624386857,29.139414700171393
24,96,2.928484089577327,0.6624672054890214,22.173457845699694,30.85786660701515
24,108,-4.423112582333962,0.2653276169573909,22.272114018036508,21.43373383639775
24,120,-8.520978939575901,0.12324774889095313,22.18692001343035,16.43246529935039
24,132,-1.5216100846277139,0.413294234877207,22.509248406042026,27.747726481839052
24,144,9.276895483842678,0.8943612125321551,22.668714152279378,29.859626397496292
24,156,nan,nan,nan,nan
24,168,-0.09245591505879398,0.4946780107029748,22.27250740456535,31.010462016635472
24,180,0.17598595195768535,0.5101291797219513,19.940531480615622,36.346914163325756
24,192,7.744523524036406,0.8560967802061908,22.54403154491002,36.946538205616974
24,204,10.267573355198397,0.9140560170886889,22.610537194563136,33.12562216086988
24,216,10.252682455851511,0.9137862794920082,22.42913752371004,34.77042859907657
24,228,0.5014676619535895,0.5288347691458697,22.179829614390883,30.271221655337968
24,240,4.6305357009761625,0.7438774471635354,22.446292068683086,34.4899996787168
24,252,-1.2667276734340853,0.42759389152045224,22.241797658380847,28.83943534419405
24,264,1.1129789757166197,0.5637198633970141,22.13350950738061,34.29185710803264
24,276,-3.0031917910314805,0.3336971470769067,21.614219413644673,25.576646229100895
24,288,2.3194489919717194,0.6304325415893803,22.624694566108538,32.530214664177635
36,0,-3.5784790218692004,0.30492047784851495,21.61242352226045,22.592723094593033
36,12,-1.0050914327439777,0.4423991499886628,22.03862670397921,26.586065638512522
36,24,4.328838698335645,0.7304194933243595,22.698933039024098,34.715838293377075
36,36,-0.6309545605735133,0.46374308648002693,22.693462140037347,35.55821133769304
36,48,-1.706296929156357,0.40302193345982723,22.495433359379447,29.01136187473931
36,60,-4.961410550135097,0.2418787075373113,19.859610854528835,25.543528458093775
36,72,-3.417902715807357,0.31281293571876967,19.566552410897977,33.164973890542306
36,84,-6.271268351970898,0.19092469675360646,17.74687480113665,24.947980770373167
36,96,2.541334370733076,0.6422547437779692,22.176082594408424,30.87318453233146
36,108,-4.986101169989585,0.24083771888112013,22.331905283162747,21.510787178724534
36,120,-8.05118076444199,0.13542115898193488,22.215190375550826,19.823396189615238
36,132,4.9544021060059436,0.7578252496756531,22.553542522030625,35.76585267954669
36,144,-3.563911907227194,0.30563184559860046,21.85582292294364,28.185345137343234
36,156,-4.334654321957683,0.2693169107012986,21.56476810527205,26.409208549626626
36,168,-4.545242425463908,0.25988223192984594,17.902166039744305,33.93519901696288
36,180,-9.680931466689973,0.0971660877827462,11.220041280710653,23.62789502026635
36,192,-3.8512168788715813,0.29177570775078887,19.067127105102685,36.7802430173332
36,204,6.250831875646759,0.8083473490439151,22.115584034264756,37.047166137768684
36,216,-0.8010642326368687,0.45401733251242354,20.38855582049732,36.036153279192035
36,228,0.7410409305641569,0.5425545473395362,21.707841370093533,35.79747466090992
36,240,2.0979063374913203,0.6184703738397076,21.639575159352727,36.05475220222391
36,252,-5.262137195944462,0.22940890272457207,18.697275693915604,24.689174132681067
36,264,-3.6689071227480152,0.3005254253848702,18.269631686302297,29.395197057185136
36,276,-5.839493720828067,0.2067557364975489,21.482896291686433,25.77670061608157
48,0,-0.8506072315678386,0.45119104194089243,22.180808525942886,27.015860970300146
48,12,3.3312735338005424,0.6828832873874076,22.662680365519044,32.06436191653782
48,24,0.4863224892703493,0.5279657559195234,22.610200545836655,31.757306140358104
48,36,-2.6712943793103805,0.35089937221606704,22.524842450074253,32.94751591924893
48,48,-10.07797123764793,0.08943618470915944,15.983174045518684,14.381317228282516
48,60,-11.471038269000125,0.06652699918790078,6.6971050373341825,12.21402675577539
48,72,-13.695335079235857,0.04095486861607354,4.2232560513465,8.145966550674968
48,84,-5.734887948955517,0.2107339958174668,18.627538243186315,22.27509816770104
48,96,0.03591469701871529,0.5020674043673548,21.08234746073464,31.41775783099935
48,108,-5.230672182135821,0.23069220279403752,22.236690121131225,21.51089561949209
48,120,-3.495887193200266,0.30896600306228134,21.730807337498533,24.06988518168257
48,132,-6.231749815950868,0.192334270254021,21.503717600669425,23.391639460332186
48,144,-9.679455758962003,0.09719590026016002,12.35178417661866,14.945155981123477
48,156,-12.881655680782774,0.048980568613606404,5.59491674081642,10.911926494031007
48,168,-15.439465278128804,0.027785335161974543,1.9347950146555304,4.834694723388758
48,180,-15.193001599574579,0.029360129492175566,0.05296083876880793,3.1411667232083325
48,192,-13.223117094164415,0.04544531360769167,1.2601235922040486,5.526258209916391
48,204,-7.250896309936834,0.15848010704206386,13.619803608481195,22.80764111982029
48,216,-12.30549457348745,0.05554341058707336,7.146627417557068,14.973463122773657
48,228,-5.7708901319705515,0.20935849811982668,16.13506705862264,26.676421832268236
48,240,-11.878571081255508,0.06093127537893856,4.051622553084513,8.167492352508445
48,252,-9.478962284530716,0.10132286547469214,8.562965949953647,13.164581944060185
48,264,-11.194811744296489,0.07058742960397765,8.914213046518075,12.311734236633264
60,0,1.2487111766113619,0.5713904407891384,22.63353292308857,29.264747241504153
60,12,2.372746455003095,0.6332872023994801,22.441646555583446,27.51460956653524
60,24,-2.3105676947724048,0.37004404316202244,21.781592408620227,26.724829717670904
60,36,-8.412955689000439,0.12596078268451696,19.91871639930275,15.310274469605831
60,48,-18.13070417583348,0.015146119632602938,0.8259951268558061,0.7731455223497663
60,60,-14.155091629434546,0.03699305976289414,0.6987548264599472,4.025640732904088
60,72,-8.567565316687327,0.12209329989815787,8.006089517733871,14.397603394789162
60,84,-8.67611705055847,0.119439383356816,12.213177598040351,14.856350369304806
60,96,-3.6284598432238857,0.30248680918622656,19.028199225523245,28.438135739651262
60,108,-2.8243421784255505,0.34291544237208765,21.79143237928545,24.048263186760245
60,120,-9.84894823607166,0.09382474154213148,19.766382839150758,13.37643340621263
60,132,-10.547666263622737,0.08101094746796124,13.892292742885774,12.917873764166153
60,144,-11.744355306153258,0.06272375901944936,0.07087998595151329,2.8102835318673924
60,156,-17.656444503652725,0.016864326609125076,0.2114759903348614,0.9159965649403804
60,168,-15.794420754114515,0.02566067958697404,0.014898997215221003,2.024516160451735
60,180,-13.083946879526964,0.046855858024576647,0.0035958083611321067,3.745816956083557
60,192,-13.583444873541238,0.04197885672498667,0.027735226541661218,2.9846681870037814
60,204,-14.861257547986774,0.03161705236328375,1.5329508433676304,4.439003192339548
60,216,-14.685308791571188,0.03288129429594066,0.8589322471694345,4.719116752218323
60,228,-12.351753922593415,0.05498728293665694,0.935855447256098,5.0750299549375635
60,240,-12.30301154294821,0.05557341068390617,0.6462728019543371,5.243344523504518
60,252,-13.108766775163566,0.04660128423139162,2.588883454811421,4.974681551175669
72,0,1.263645540282078,0.5722323983530591,22.40974066682474,26.932104575523837
72,12,-0.7994802251059886,0.45410774564120443,21.092436613798625,24.853262461624393
72,24,-8.464612196328282,0.12465709359988005,16.742446780228157,15.07774245367472
72,36,-15.343075330182854,0.028391210005679724,4.672734360128122,3.70864439562314
72,48,-18.47152855974354,0.014018957172610525,0.01828431341858452,0.11448429829521438
72,60,-9.532936646843659,0.10019680353287792,2.4651867888511645,10.407086168963149
72,72,-11.194303880426123,0.0705951018182736,2.378073472102988,8.723617961896663
72,84,-9.980057174989266,0.09128930905737294,8.716007977900162,11.526814190254218
72,96,-7.677758665367611,0.1458075067996499,11.495183599654053,20.88835356841919
72,108,-7.630304536233076,0.1471736777409646,20.437935544749383,16.87515033284992
72,120,-16.797315657935282,0.02047777323398193,2.8497847537677643,2.0509298780421443
72,132,-14.94333195831852,0.03104352803027689,0.15961389308416551,2.2768152072757886
72,144,-14.470856907341233,0.03448830479551851,0.0129797301310869,1.5534952440168373
72,156,-17.36087827498573,0.01803059788799005,0.005686038345917937,0.9090411656701133
72,168,-12.999962519127228,0.04772711327275434,0.0048302670407652775,3.6564288275732846
72,180,-12.257774130513145,0.056122647821459405,0.007237674018061812,3.6800496929776734
72,192,-15.946243493609211,0.024800983602766342,0.013710843683041991,1.879407027897035
72,204,-15.875850396917455,0.025196037508217115,0.1969739870604154,2.710056105640179
72,216,-14.870253837576268,0.03155369073845666,0.021781361017905784,3.059561800221062
72,228,-11.144947977122472,0.07134439913437654,0.1549459111826088,5.451325672294719
72,240,-11.586726730604635,0.06489171215666524,0.245506632493819,4.430633685389379
84,0,-1.1810323391132835,0.4324302160720094,21.247403935592715,26.34794371053087
84,12,-6.417347323334896,0.18578281257229784,16.38542469470821,17.311743466045126
84,24,-15.753182626269268,0.02589915864063977,2.226405432422372,2.831744164172433
84,36,-16.837085126793905,0.020294897272304584,1.232789384435327,1.281709629452639
84,48,-18.74452331566509,0.01317611333361411,0.06514778748247306,0.059481198230449436
84,60,-11.338192574916018,0.06845197630059563,0.6434559403640424,8.157557059037893
84,72,-12.005421590582667,0.059281287065596884,1.2531289975613575,6.67192100857448
84,84,-12.338135953211442,0.05515045057939654,2.292585195324094,7.121623836475652
84,96,-12.45406373587047,0.053775893447061685,5.099432160463126,9.273006953456793
84,108,-11.243673290665049,0.06985288001063102,11.969076631068226,10.722428761098806
84,120,-17.8539240417836,0.016126746173734077,0.009334828487700658,0.40327718195654727
84,132,-15.514168661256406,0.027324431890090616,0.03836423968928218,1.6795878519447114
84,144,-12.852497853407023,0.049294257762418456,0.0011162298291325712,2.318679184817564
84,156,-13.6889639403675,0.04101252797727442,0.009075314231820448,3.117401991105849
84,168,-11.51574183675037,0.06589061367702492,0.006573919968623437,4.03768557693048
84,180,-15.128288392594065,0.029787764256358793,0.01178421721942378,2.189411795079246
84,192,-16.263133408218774,0.0230960922757182,0.004746118318167343,1.9875407885043257
84,204,-16.210064335355987,0.02337341176668147,0.008668745524583344,2.1974349931601935
84,216,-12.46312253153678,0.053669854940987805,0.009537975782052281,4.777559854703952
84,228,-9.459775085936212,0.10172586388334154,0.0880258809581893,5.42894608928376
96,0,-6.243007661569373,0.19193191207232724,17.277316431168085,20.44262177651619
96,12,-13.970615258987964,0.03853641534256818,2.3635668507998253,4.414669663983523
96,24,-16.632589838619683,0.021252579365403843,0.4910151203121106,1.3127438398719136
96,36,-16.767465407621664,0.02061609570069698,1.6993288496054517,1.6814401164403139
96,48,-18.750308268508686,0.013158804775576806,0.0032248602989225035,0.020037756958870803
96,60,-11.971326382700644,0.05972061563430284,0.36016845928203567,6.644451745413898
96,72,-13.255305258838996,0.04512487917932798,0.23383845433325529,5.68777716541715
96,84,-13.961495330189413,0.03861429646219386,1.5940570729906147,4.817902735525085
96,96,-15.787431557121238,0.025700946924140208,0.24156144728637347,2.1588815902642904
96,108,-17.54277639363449,0.01730380589252524,0.08020872976809655,1.1234465772193918
96,120,-17.97517558108042,0.015689694024463657,0.002202530172868631,0.3167653391819088
96,132,-14.185712461486943,0.03674269967382811,0.005561973652243069,2.375918384274579
96,144,-5.696087234686452,0.2122238176609091,0.0015069043944057267,4.706599869365049
96,156,-11.163327340681011,0.07106451843575907,0.012155790879974726,3.873504198168322
96,168,-13.885868019118625,0.0392659736218725,0.006708478930990751,2.8478034805918617
96,180,-15.707096618502081,0.02616822581125586,0.004097064340989847,2.2246600819054456
96,192,-17.123647477202272,0.01902364752520477,0.0020870825101246293,1.3115833812903885
96,204,-14.306718865311137,0.03576919097192243,0.011290093191310689,3.938057308535454
96,216,-9.396215200567456,0.10307101200982435,0.012593251922024233,5.697091895365596
108,0,-13.8551717053743,0.039533481289134975,2.995908429837831,5.357267006309026
108,12,-14.899246680286078,0.03135032651461671,0.5502411892734139,2.643741892574468
108,24,-16.69177750824388,0.020970936899461744,0.6986719545288168,1.6508507816086975
108,36,-17.481262505932094,0.017546311570255244,0.502631946459003,0.8280554968203553
108,48,-18.546323025657937,0.013782888128986695,0.0009664941777747426,0.08355585981928026
108,60,-13.099510112293267,0.04669607418649047,0.07531137399652826,6.040662551556405
108,72,-14.310553468620634,0.035738750719677595,0.20069903837291403,4.243238710751798
108,84,-16.478744618347275,0.022002066614808954,0.09871851718882337,1.554412257297659
108,96,-16.44674793141656,0.022161160056118234,0.0009995689482256546,1.0506624005703915
108,108,-17.939784770595114,0.015816041827740768,0.01487508731054048,0.5929511854616298
108,120,-16.025004272350817,0.024366123684784437,0.00037195841706321467,1.0868413833543782
108,132,-10.049484091765976,0.08997180605445404,0.008581948047386937,4.6404674992986115
108,144,-1.1036729158693852,0.436807207994643,0.0018328375603852839,5.488700645519012
108,156,-13.513950790057816,0.04262712472325393,0.011594113201187023,3.172013245956169
108,168,-14.844698291728854,0.031734002518117484,0.00480186765923063,2.740306739411497
108,180,-17.15204271227371,0.018902015386525264,0.001978308272570855,1.302620820503124
108,192,-15.275069882639471,0.028826365916193572,0.006368851848145038,3.0714577586359146
108,204,-11.965838057820866,0.05979161890253783,0.019368132671920647,5.252312526831324
120,0,-15.019099087572537,0.030523026221590525,0.74630934661054,2.841699634461416
120,12,-14.93945152995223,0.03107041567021263,0.8084429214431488,3.3937832098004943
120,24,-17.137378032004403,0.018964736600909072,0.1732153700234704,1.016450164754589
120,36,-17.603173201543257,0.017068908583676407,0.22845178943888228,0.6662209799396275
120,48,-18.21883538467873,0.014846374838018612,3.2632925691790184e-05,0.1844805071584339
120,60,-14.568838655681546,0.033744884093242944,0.06645701926930801,4.066518174149407
120,72,-16.33932568660707,0.022703549099174998,0.024233415230519605,1.7674176617578639
120,84,-16.18643757984076,0.023497919673579833,0.0005690248464669533,0.9097662821292
120,96,-17.00095297001389,0.019558095742635992,0.00034324969157114324,0.7067445035255037
120,108,-16.82800872741962,0.02033649283205772,0.0023217877430995256,1.3004632139767252
120,120,-6.9317092535008396,0.16852949603316686,0.0012601186390360296,3.934287148558236
120,132,-6.764307403936435,0.17400001940750104,0.011588642254992086,5.5604512872667895
120,144,-9.576469144568925,0.09929670493238242,0.007080712850462,4.163268462338787
120,156,-15.163591676165103,0.029553731728345904,0.008022817988210473,2.4406359181288027
120,168,-16.724228926283747,0.02081807155815258,0.003526813973958206,1.5486873856848917
120,180,-15.500231219789661,0.02740985528148086,0.004521617917165173,3.0007092235336152
120,192,-12.42365681675054,0.05413327071524674,0.01664762411844184,5.147389429793173
132,0,-15.134916606343262,0.029743687948246514,0.9680507807321705,3.3937826086886407
132,12,-15.522141931312316,0.027275679661220794,0.21622392789788097,2.428589450990644
132,24,-17.169226603812145,0.018828778273840708,0.07506364606640757,0.9303501756712397
132,36,-17.749424075489273,0.01651300879603864,0.04709935031142947,0.5281058851829531
132,48,-18.080105785977587,0.015320895258599351,2.5820773727702886e-05,0.23097611226672962
132,60,-16.55423249256196,0.021631138241480136,0.015565375641513857,1.5550086130973626
132,72,-17.578245145636114,0.017165477476681006,0.0010774873467328963,0.5959807073622908
132,84,-18.25867574959117,0.014712797813839162,0.0005021942646415697,0.2313404140365045
132,96,-17.891358548758124,0.015990550458424593,0.00013729942925008216,0.3900156547301919
132,108,-10.675146826226285,0.07885233744387257,0.0063655479389793925,5.235114930748608
132,120,0.36336468362974195,0.5209047590489861,0.0012760943249826753,4.901729509322436
132,132,-10.320026018485994,0.08499992236794768,0.013299677860663694,4.71407153049268
132,144,-12.107968650426422,0.05797811953019003,0.0066240354041667586,3.409899582104968
132,156,-16.973276569086618,0.01968067133205796,0.007515213959667622,1.2732617117745353
132,168,-15.618525577064046,0.02669299417662903,0.005263048961302898,2.872769135284071
132,180,-12.44790356984465,0.053848114637768195,0.012232402972662816,5.4463222962075095
144,0,-15.707281108193856,0.026167143287908808,0.2572544143212318,2.260212785671243
144,12,-15.553736239450842,0.027083327527815892,0.09732859016921894,2.292908384820778
144,24,-17.320524224136353,0.01819585382855304,0.015956769043318775,0.8010629273335903
144,36,-17.671204005957,0.01680807215114382,0.04341800350994984,0.5755213512733253
144,48,-18.205322027664764,0.014891953237478819,6.709194470836311e-07,0.19720042040380759
144,60,-17.555920236840713,0.017252417545190756,0.0009474279022470553,0.5672730661459068
144,72,-18.080861644555878,0.015318269840552616,0.0006123698065367147,0.32074901276618883
144,84,-18.579097700357302,0.013680682657616397,0.00021162372965310018,0.10189788794776267
144,96,-16.726806669448564,0.020805975727348384,0.0005366312665846208,1.1577072142544784
144,108,-6.2958940086673865,0.19005033138103836,0.007984719965408608,6.470602050681325
144,120,-4.931825302173135,0.24313008948004264,0.002971215986729166,5.107257492681017
144,132,-11.833603502920164,0.06152642727783246,0.0158201260216173,4.304528544843637
144,144,-13.835116494959045,0.039709198332257035,0.007629206773439031,2.653541770104742
144,156,-16.236828815682262,0.023233146548783033,0.007427200020715508,2.1046102973294323
144,168,-12.77860592422998,0.050097761260422445,0.016293369994323598,5.639761379149727
156,0,-15.747457204064517,0.02593243871175493,0.11376087741589129,2.0775528588965044
156,12,-15.952447295125562,0.024766458024183285,0.021884121480042814,1.96502550226655
156,24,-17.147860050518915,0.018919883971837175,0.01567069436851641,0.9120685540884422
156,36,-17.920512153049955,0.015885266979666413,0.012727252752902448,0.44783086161282054
156,48,-18.06915901480904,0.015358967746321894,4.6244426023533464e-09,0.23872636663463406
156,60,-18.12645858082413,0.015160708893794235,0.0005636972453859296,0.29100551659748325
156,72,-18.503063777765306,0.013918942424630447,0.00027494558830501843,0.14859950958010038
156,84,-18.375355251621066,0.014328368172590323,0.0006523995812563772,0.2499031991239785
156,96,-13.33044342191192,0.04438523358505322,0.0012357855259968271,3.072119619200573
156,108,-7.729862003697823,0.1443196191639568,0.009000694589896475,6.200468725850312
156,120,-9.564917683118836,0.09953484478023408,0.002903912220096621,4.180057423328164
156,132,-13.683014162153242,0.04106644414857585,0.020520010671244416,3.35344611532972
156,144,-14.297264746532614,0.0358443473433196,0.004355874545574121,3.399122875390202
156,156,-13.291634834936668,0.044765802896764864,0.02516193368766529,5.439443653152113
168,0,-16.090576923092442,0.02400975803011072,0.02436143918297521,1.741503195314416
168,12,-15.620701027648742,0.026679983224166492,0.021438382252943068,2.1982772279828238
168,24,-17.261374022797987,0.01844077240827825,0.009219924223759316,0.861740324646949
168,36,-18.368388842492024,0.014351040287414064,0.002370997812008296,0.21473519270759894
168,48,-18.6634976375608,0.013420915451938482,1.6183666394660007e-09,0.04686428859558487
168,60,-18.517208752044905,0.013874310120749012,0.0002626812017026846,0.13587166558868838
168,72,-18.203232990166583,0.014899011516119314,0.0010054347398362334,0.41289901047944305
168,84,-18.036682098648388,0.015472470193060759,0.0008143874174697123,0.42741205874802973
168,96,-16.34878380265308,0.02265527779506353,0.0018578045582594164,1.4168980395375188
168,108,-12.999279078137114,0.047734266041893535,0.00817687977079908,4.140052608806201
168,120,-8.308952828671602,0.12862098056081384,0.003042489289125746,3.8867707950415182
168,132,-13.422288614753658,0.043496824730557555,0.01473309057807978,4.547624309705773
168,144,-14.357856049790914,0.03536529441450965,0.016409768280401273,4.6893589347587845
180,0,-15.800062645514085,0.025628219386453033,0.0229479581769331,1.9459955450316042
180,12,-15.913229314844624,0.024985505503281463,0.011454867912671255,2.0296698567100577
180,24,-17.645529103227158,0.01690604862402273,0.003912693567408774,0.636975945281778
180,36,-18.667979137331024,0.013407259088455095,0.001190781370026023,0.06248941019733437
180,48,-18.750449248161825,0.013158383245102335,2.464406436399749e-10,0.018710461381275027
180,60,-18.255664514970846,0.01472285240765681,0.0009953939428667211,0.3606758930278482
180,72,-17.87014939750674,0.01606757489923024,0.0015686294278588707,0.6802837803755076
180,84,-18.319144403438948,0.014512317131413452,0.0010546769013130403,0.2594210643977621
180,96,-17.30374707936932,0.018264995453780672,0.0009292576407471378,0.7334219202624139
180,108,-11.136347700045349,0.07147571323671101,0.01285592186125936,4.307995030044567
180,120,-11.951732765849501,0.05997446394443641,0.001567404427498707,4.148317552746241
180,132,-12.799744872094392,0.04986663705845491,0.03389837157205573,6.499286447172948
192,0,-16.138197200665164,0.023754149256103505,0.01055019586103937,1.7337740047669115
192,12,-16.776102921710503,0.020575976725846948,0.004577424104354161,1.41128245130599
192,24,-18.186015664259664,0.014957309703008636,0.0033664758531007665,0.3092165084813074
192,36,-18.67950662294934,0.013372194609999152,0.0007095756256771451,0.058155252333077286
192,48,-18.741918011017063,0.013183915730106636,5.626705492470107e-10,0.02282483859164624
192,60,-17.852321972192385,0.01613260027853283,0.0014839129357286796,0.6594431797256021
192,72,-18.113818767841384,0.015204225414640173,0.0019055580206347805,0.5182428091026801
192,84,-18.185176540022347,0.014960156727443746,0.00033130524183620964,0.22398924806960674
192,96,-16.032251019762295,0.02432648789786844,0.0013943544101167938,1.0940642950055037
192,108,-14.159627571410331,0.03695587004840459,0.005678673875834771,3.6832322406116904
192,120,-13.31745547091777,0.044512252828406026,0.009121725536852648,6.160056457371101
204,0,-17.005370815731336,0.019538598983383865,0.004061789434168,1.1325092133078354
204,12,-17.688343022592097,0.01674297981185356,0.0035651777695714995,0.6879154556688004
204,24,-18.24428048771553,0.014760925182231018,0.002183051682569841,0.2872270481590942
204,36,-18.003909489105666,0.015587842877191704,0.004085134116187464,0.400357070299267
204,48,-18.669702772280058,0.013402010348827802,6.361409874404881e-10,0.04811663209448197
204,60,-18.129529838357136,0.015150153658963644,0.0014761146476722096,0.4783242858642649
204,72,-18.432464010129067,0.014143834175769641,0.0006653716355448111,0.20965479762124917
204,84,-16.36282680955491,0.022583791503962277,0.001516465236759851,0.8206161654867447
204,96,-17.886869002276008,0.016006824602563793,0.00024059186151407458,0.4627033437393113
204,108,-14.483047160447043,0.034394959934480496,0.015603573769266873,5.503163532958923
216,0,-17.81105492690971,0.01628411614249534,0.002609793966998437,0.5523037663818884
216,12,-17.99720798455093,0.015611538910843685,0.0022272391728749043,0.5154487633563705
216,24,-16.796951635414583,0.020479454585118313,0.006773916314380981,1.1126376090314343
216,36,-14.91231781447025,0.03125905709424161,0.01893765895738842,1.9241030727957549
216,48,-18.68890564033489,0.013343671500462414,7.123633972044038e-10,0.039341045506158134
216,60,-18.386174516980166,0.01429322693247379,0.0005141476019626398,0.21619326972283645
216,72,-17.231465548122564,0.01856584049700651,0.003129849188985281,0.6898239391664843
216,84,-16.244672671082007,0.023192195004200958,0.0004292236289145903,0.8618025191784056
216,96,-18.465110788359166,0.014039397889804402,0.0009533347853849627,0.2825860770846829
228,0,-18.13562853320154,0.015129215235180541,0.0014295592589992124,0.3829055617509953
228,12,-16.604783107274997,0.021386171135172126,0.005904852352448352,1.5751045916128021
228,24,-13.395156691354003,0.04375748760226855,0.016183826202175868,2.887722548681767
228,36,-14.825624385989398,0.03186923102100707,0.013366116924910545,1.9154142392799889
228,48,-18.664644042052323,0.013417420736394492,2.736869619602755e-10,0.04543880934373433
228,60,-17.244906552648235,0.018509531701116296,0.002527223734731567,0.6600572552158399
228,72,-17.837796083340173,0.016185774651027558,0.0006659356608756866,0.4730928056397759
228,84,-18.49947359271083,0.013930293209702493,0.0020381559147829497,0.233386138979605
240,0,-17.013089904251576,0.01950457894478831,0.0035083106690398822,1.178811803807535
240,12,-13.786517543383477,0.04013811672303192,0.01201276791581681,3.5675781595628298
240,24,-13.61459420993577,0.04169135267603232,0.011646265074271482,2.6864940992056114
240,36,-16.017724629464738,0.024406002785877373,0.009282215490223842,1.3373509519915758
240,48,-18.134443235944225,0.015133282440501071,8.38170743354583e-09,0.21737004010889127
240,60,-17.84802754668246,0.016148302804276964,0.0005111083376875564,0.44427649241993317
240,72,-18.328186075359486,0.014482572164031114,0.0030296434017633776,0.4652428395083882
252,0,-14.256941890095723,0.03616660802876786,0.008208982432076004,2.9926335946409424
252,12,-14.139217059925118,0.03712349726052199,0.009400457242558799,3.1882794705710804
252,24,-14.694381634199747,0.03281492549161614,0.009602939369436488,2.1643796869253986
252,36,-16.655463883972487,0.021143297970048422,0.03386944702762471,0.9384753491630343
252,48,-17.53257342015217,0.017343799992558116,5.442605568880283e-09,0.4123389477084629
252,60,-18.358847447308467,0.014382150048317591,0.0024786454669559707,0.3888485747348244
264,0,-14.444558242590503,0.03469051515710391,0.008000046837303513,2.7940714712432455
264,12,-15.387028731253379,0.02811335906412634,0.007394296873124223,2.3261796079715547
264,24,-15.910648283320574,0.02499998757911532,0.034504562806236164,1.4767691156144507
264,36,-17.720112007851675,0.016622978951375086,0.007478998948960824,0.5095813481636566
264,48,-18.18273099888359,0.014968457131338998,1.7446132739734052e-07,0.21016299649288772
276,0,-15.942314961443874,0.02482287103708291,0.004833423543403706,1.8103355028972132
276,12,-16.01059213189323,0.02444513751654584,0.023897550876185503,1.7223007734546072
276,24,-16.934154118784303,0.01985522519520768,0.01101234188439801,1.0512988569407693
276,36,-18.256513628810914,0.014720016508576518,0.02043360595624218,0.3179004441428534
288,0,-15.757776363218042,0.025872486761765633,0.015681599273112762,1.6537102418526892
288,12,-16.965007732978457,0.01971743888831929,0.007490473618883401,1.2590413266896756
288,24,-17.659254124879627,0.01685360376021191,0.02915582643360304,0.7674299926531505
300,0,-17.20378540968074,0.0186823316441278,0.004347258471436701,0.9375562313626301
300,12,-17.56319080880005,0.017224056301876487,0.021322432804719946,1.0457812406541007
312,0,-17.843076386251376,0.01616642533284188,0.011673306821851743,0.7009483148723215
