24,0,-11.514280284011864,0.06591133010698845,21.06084896869479,9.9606626629257,-0.24928586759789506
24,12,-4.517916282265521,0.26109429901415876,22.36587907570242,15.98471374514671,0.07350165790743302
24,24,-8.459093238613276,0.1247958251088589,22.39081239452036,17.01463597132617,-0.0929752066115701
24,36,-3.6231315757353255,0.3027457292898346,22.497048304966725,24.618448608501307,0.015327706579041922
24,48,-0.9618946706581086,0.4448541409642445,22.65286754735971,22.510455876694525,0.14920945461952884
24,60,-9.161060708956523,0.10818536709935417,22.652395948224804,13.333016179653189,-0.09297520661157033
24,72,-12.049741592030243,0.05871473448292094,22.497679073047237,7.741417887162591,-0.09297520661157033
24,84,-13.911612153759902,0.039042961865352034,21.935995858043036,4.225755716331155,-0.09297520661157055
24,96,-12.715456866575344,0.050794263495919735,22.34723856009142,6.172049682451252,-0.09297520661156988
24,108,-10.852652242032308,0.07593424057349035,22.587352757530624,10.734623423874584,-0.0929752066115701
24,120,-11.780105650366961,0.06224155293295781,22.113002493383913,10.983950629953839,-0.09297520661157055
24,132,-6.1361672005035075,0.1957763111818488,22.39621290970939,22.902491576770917,-0.0929752066115701
24,144,-9.762225316450898,0.09553633824225378,22.01304189700946,10.118228572626702,-0.09297520661157033
24,156,-6.667359684311023,0.17723176009365094,21.799265205064607,12.538323951098718,-0.2660275186049672
24,168,-10.923733374833528,0.07479373598137161,22.640313387649368,8.659990050849823,-0.0929752066115701
24,180,-10.264423654832374,0.08600097356437614,22.186204990471097,19.50899000725858,-0.08884688090737258
24,192,-7.640153897303814,0.1468892532903567,22.647803149512157,18.65297551691565,-0.08884688090737258
24,204,-13.834432000847618,0.039715208835007614,22.489968383260553,5.715500405910724,-0.08884688090737236
24,216,-7.8921558932875495,0.13976585553842252,22.128337319913786,9.166787968399891,0.01604281894605597
24,228,-10.419315180569201,0.08323860596452672,22.436042559178155,10.501223961288897,-0.09297520661157055
24,240,0.14171125104985066,0.5081568316310698,22.613455292603604,16.786116019683924,0.1786377960590757
24,252,-0.6291766142873069,0.4638448966394892,22.625946812714744,16.234542682997855,0.1521317164183026
24,264,4.584441099325792,0.7418500609821743,22.6824826994936,32.32808272018071,0.37183698862189407
24,276,1.9792670321672412,0.6120038309759739,22.62876807610538,31.341551770327882,0.32737235935812736
24,288,-10.247265517533503,0.08631203436763693,22.525532527354024,16.058180608935892,-0.08884688090737258
36,0,-7.996073206460082,0.1369136986980099,10.58388146104923,11.135444887092827,-0.08316967397263242
36,12,-3.382599329978567,0.31456298657516557,22.19800697259719,16.811033526915082,0.031140443978474375
36,24,-5.883572352004566,0.20509609640251344,22.238061090916176,22.36451308223549,0.04811482455911675
36,36,1.92852883721647,0.6092260628327378,22.492861960289268,21.904169786676036,0.107934837843213
36,48,-5.27395940552214,0.228928031766457,22.65759723358095,21.662070879287775,-0.05968858131487864
36,60,-11.468443819174386,0.06656410766439122,22.600297985374233,8.95117423355049,-0.06152433425160697
36,72,-13.815413144860235,0.03988256147849291,22.42743250051625,4.7117109471834,-0.059688581314878864
36,84,-13.705441949763644,0.04086355972384903,21.95264436421278,4.572832711272788,-0.06152433425160697
36,96,-11.567610569091118,0.06515932033037261,22.561263067192254,7.238845003285746,-0.05968858131487864
36,108,-11.26248926637377,0.06957190408788314,22.44243322283056,9.476526444244818,-0.06152433425160719
36,120,-12.830843130141433,0.049528457801304306,19.673667504874423,8.812964773921308,-0.008186097428928507
36,132,-10.023059145121477,0.09047123602626109,21.558215681689028,10.77663992011841,-0.06583966955185971
36,144,-7.919995330820926,0.1389969186251797,22.21992874882423,12.312022200115464,-0.06152433425160675
36,156,-2.8921511696974154,0.33940599604508637,20.72513663994775,11.449753175635115,-0.12275431799166503
36,168,-12.268309287118848,0.055994283949200065,22.440047941644817,8.656117599779606,-0.059688581314878864
36,180,-7.905731937467885,0.1393904354033351,22.632276886165947,12.01536982053352,-0.0075102421651152
36,192,-9.698839660448078,0.0968049535689793,22.635578861380466,10.706317575177852,-0.05795918367346942
36,204,-9.352286754339115,0.10400986927404744,21.547257485788304,8.759600862131581,-0.20322445253315413
36,216,-8.06196303213339,0.1351307408123299,22.361062477132904,10.28011050279079,-0.02691378580420145
36,228,4.0148187598339815,0.7159471792354232,22.589263288895204,17.55890415995215,0.19510308220953143
36,240,2.329834081224035,0.6309894998203938,22.566949855521855,18.909884064817593,0.15861612208072295
36,252,7.180895285913543,0.8393584337251823,22.629997000496264,33.182565866777665,0.35339553027832094
36,264,-0.37946625476186097,0.4781700529968938,22.445349576618675,34.38248274903266,0.2349583133671317
36,276,-2.0783121803169715,0.38259480100504867,22.4803258956573,30.112049948913864,0.18976985479095376
48,0,-8.739870304135895,0.11790406779893359,7.991450459787526,10.508103686721812,0.019114134929662296
48,12,-3.7674585710986452,0.2957769751967604,21.562847893142855,19.473469048888745,0.06943776227600396
48,24,3.6443428207733497,0.6982842583102522,22.30644734421024,20.369821030432796,0.13343442181794196
48,36,0.31936166201883937,0.5183756552646992,22.554684132963907,19.623151969607484,0.05763649578319152
48,48,-9.82053020747022,0.09438256075140702,22.585588736666015,12.830402013197602,-0.04493827160493846
48,60,-13.338030506129858,0.04431119360319909,22.54978907772671,5.580844454670461,-0.04493827160493824
48,72,-13.818829760338042,0.039852447925776587,22.407891844124514,4.579961462742535,-0.04493827160493802
48,84,-13.011701660280263,0.047604412377770355,22.497040818726084,5.602677283362305,-0.04493827160493846
48,96,-10.862290494330987,0.07577866342756326,22.409746750779675,7.71268624760179,-0.04493827160493846
48,108,-10.85557008403309,0.07588711091880918,21.772321369432344,9.305461699037759,0.030949713987936556
48,120,-12.908598621130974,0.048692391809751434,17.163287932561825,6.211655568623183,-0.026718576413728323
48,132,-8.659150896904297,0.11985086596787287,21.959888465873256,13.730647115049807,-0.058978006124902116
48,144,-4.440755576726143,0.26453648354989456,22.156626019061573,14.15632281229048,0.024267811713004295
48,156,-7.695694810144414,0.14529388318028422,15.120641343465024,9.900060735901604,0.021899476057024025
48,168,-8.313601138799898,0.12850107010217318,22.65767491807204,10.504947445818827,-0.020138275154089058
48,180,-4.8925014441733605,0.24480018023501884,22.649658264038155,9.482634443796174,0.03165262908829014
48,192,-0.920681660832495,0.44719890333002843,22.4278897927426,13.079072818352948,0.06776422209971544
48,204,-8.818668119572191,0.11603009967795443,21.84500057024357,9.724382050843033,-0.07425020167728902
48,216,6.672032879805508,0.8229250947216975,22.574579686837062,21.4269264880986,0.16996950392287002
48,228,6.801944894329824,0.8272420266985263,22.510155926974377,21.93260063484266,0.206129790899228
48,240,-0.055874886643178925,0.49678362733939657,22.117502957176256,27.3987800310584,0.17932358866015308
48,252,0.34574142519821444,0.5198919715615025,21.9868739731817,27.505775643694527,0.2096939654228186
48,264,-4.987835320503563,0.24076471992349213,21.932405563288405,24.67052462429744,0.1134867512828015
60,0,-12.392263380435,0.05450459115340477,3.244022388802453,7.590768719622993,0.04910770205470316
60,12,1.188605893946846,0.5679977402838019,21.83463596945667,21.019535124739853,0.10755609637294605
60,24,4.242891463243785,0.7265049678721012,22.477288633944475,18.36899030721327,0.10097753043376267
60,36,-2.753942885112941,0.3465772036909243,22.414551352513186,14.446782984569275,0.03751801120504461
60,48,-11.219413006789374,0.07021670389157464,22.50343146122252,9.06875511289508,-0.03539550630963384
60,60,-13.500732942488174,0.04275150405531263,22.528571835096532,5.150417216576628,-0.03603316326530592
60,72,-13.473866570781038,0.043005384711085164,22.510229211145,5.135587885265557,-0.03539550630963406
60,84,-12.312517719079668,0.0554586391053755,22.38632505625142,5.939667871635956,-0.036033163265306145
60,96,-8.770220416981223,0.11717919680029858,21.971426422782155,8.607079445151655,-0.00396683604013548
60,108,-11.908085852449444,0.06054357420445703,20.035032192144378,7.94087205780831,0.12002260721548341
60,120,-11.718164784552549,0.06307923066497173,18.896832842688365,9.125373812670556,-0.029548675178022288
60,132,-5.256423048950781,0.22964158105367513,21.851992736272983,15.600538236857089,-0.027891824447482172
60,144,-6.53332242145682,0.1817771744593755,20.287979672497414,13.375438716343544,0.021437665754240887
60,156,-4.498779186204086,0.2619453094102541,21.861818592418565,14.416304130079567,-0.0164371948707005
60,168,-4.306068592507665,0.27061413777294346,22.677721188121808,10.601036917960911,0.021273422340627235
60,180,6.009872192519502,0.7996044832670658,22.38712305271455,13.495137178749946,0.14596009887471195
60,192,1.0810643551231365,0.5619117086127475,22.456044371029975,13.823342429436181,0.06573336939035312
60,204,1.7058449539068459,0.5969530272633272,22.405274136429437,23.149142975669324,0.03242168016582159
60,216,9.517635667375352,0.899485107915166,22.55292833216403,26.45893609825343,0.17680376763682282
60,228,1.4029214963958856,0.5800636319011409,22.042421557881298,27.094555693648395,0.1869638287548443
60,240,-6.443259903412088,0.18488195236547064,18.743701014835334,23.64816263244225,0.19282679447969908
60,252,-0.25236308142015523,0.485476899627963,21.91471938193758,21.846984282925526,0.1405591716410196
72,0,-11.151621512426754,0.0712426571598094,3.460726315987393,8.918287949005,0.06900707556700891
72,12,1.673885421071882,0.595181205873664,22.158387437409896,21.883999682538125,0.04777613249635371
72,24,2.2942049679624192,0.6290772436304509,22.299995199319657,15.499229374550259,0.07320845298457068
72,36,-1.0584061177351278,0.43937301840448345,22.068134788458767,13.105447437821892,0.08003628828582299
72,48,-11.655049539496073,0.06394359721476477,22.501781448166053,7.987647469718887,-0.02962802768166095
72,60,-12.990323644816987,0.047828086113086594,22.63731387815272,5.784884259249347,-0.02962802768166073
72,72,-12.680752402122714,0.05118092905204236,22.52254189872624,5.539088154030503,-0.02962802768166095
72,84,-10.35408450921757,0.08439197302104526,21.934703197457736,7.044493977780858,-0.02962802768166095
72,96,-11.502308274908557,0.06608125250738865,19.887982892159627,7.938883742061028,-0.018815517814731342
72,108,-10.689983638923684,0.07860455227547544,21.051717795080506,11.22975645871114,-0.008009139095034978
72,120,-9.15775256214136,0.1082588816314492,18.159455009264697,11.261390904584538,-0.012069935341053606
72,132,-7.2612040505241175,0.15816383105435164,19.123433995988208,13.248360546342957,0.038679593011025526
72,144,-7.3678935924715,0.154920294243297,22.22319444552827,15.274635823219473,-0.0045576529632354035
72,156,-1.9937268098811267,0.38720586069725593,22.283150371193507,15.788923509017748,0.04040213307877161
72,168,9.734773918161059,0.9039160785071226,22.555616928774903,15.876966789730226,0.14321902154682364
72,180,10.72121114214246,0.9219146432277852,22.410839162493684,14.512060458859096,0.145329839995886
72,192,6.741966052385774,0.8252593827457584,22.55567598318093,27.849521335765743,0.12788513719320616
72,204,0.6540399650855078,0.5375785706859962,21.818288898027426,26.56497984097611,0.05803978424044842
72,216,2.34308845680823,0.6316998326669073,22.126119866999392,30.059000581749252,0.11275779117660356
72,228,-4.931170311945107,0.24315784358866493,19.35429975548802,25.267011880213516,0.20664728884726025
72,240,-6.632540114835952,0.17840390456782004,18.188974882978563,23.40244716417865,0.15279458996078643
84,0,-10.259861665352364,0.0860835788687913,5.532398311334112,9.542701518845647,0.03371340301884995
84,12,-0.014555798023932358,0.49916210169569286,21.90100147017513,21.242052067923318,0.048317172205766035
84,24,6.275930650653914,0.8092410796514142,21.79890848995214,14.435808196592,0.1264943942296074
84,36,-0.9038573168062722,0.44815678476247917,22.08392498968486,13.541422360376284,0.0647927996114207
84,48,-12.318929177237196,0.055381357223621724,22.58224494108024,7.425112548742245,-0.02515624999999977
84,60,-11.882335846403684,0.06088169316342712,22.58138825035064,6.3686659351331905,-0.025476686428456796
84,72,-10.538787267539673,0.08116328454935201,22.329196658471346,6.902398574360822,-0.025156250000000213
84,84,-12.301866958530312,0.05558724474355218,20.8324233085821,6.990579091054792,-0.025476686428457018
84,96,-9.902160832144816,0.09278817233523819,20.967223119134783,11.58655526719809,-0.018165468969733034
84,108,-6.377930320055705,0.1871596492318351,21.273928111788678,15.013720229031197,0.00941007010677608
84,120,-13.08821673620465,0.04681196879204708,8.729455083929036,5.742802814122003,0.03733268654723887
84,132,-8.224897953357235,0.13080580604065303,22.0293759892143,15.60228753599643,0.008197518213145738
84,144,-4.9767832628018445,0.24123021429053132,22.494821850059296,16.67355503569872,0.010996305613190871
84,156,0.8999698298319657,0.5516218290893896,20.809051272004023,19.665340061451136,0.0030087454908364064
84,168,15.07682002438646,0.9698678203881281,22.559233850432555,16.302182234744695,0.15365961578327325
84,180,9.481053665918788,0.8987209751469625,22.498986205758484,30.474851827191586,0.15949230616379095
84,192,4.743250413471261,0.7487908355145807,22.33302166896308,31.05846242924914,0.0822674843504162
84,204,-7.299314767623989,0.15699891675686803,17.639188155529006,23.563023779763977,0.09567578100675145
84,216,-3.1172049410280946,0.32788578383146644,20.13933718727396,29.253765784501454,0.13962469058948423
84,228,-4.2020591735932475,0.27536713670206586,19.4281815543955,26.888706362561646,0.17153911309164804
96,0,-7.334731913407234,0.15592260391964258,5.24889220127613,12.090168541015597,0.00590026726052284
96,12,2.210221949090986,0.6245538285489749,20.679280613679822,20.752270531700994,0.09525815169734675
96,24,7.316891466486472,0.8435359858726631,21.85906456457209,14.991443546391944,0.1151126931391333
96,36,-3.86293508704809,0.29121845444739264,22.47334731781349,14.020657984538275,0.013723458393017918
96,48,-11.7554377023963,0.0625739063525363,22.501231535529328,7.621685176200058,-0.022098780340538804
96,60,-8.95246628868679,0.11290738174899052,22.45471280511301,8.06499475757688,-0.006691003139363438
96,72,-12.84249078408431,0.04940235537743931,21.545609591539478,6.400201755537751,-0.02209878034053836
96,84,-11.17547504477755,0.07088009027573923,21.39730186576481,9.59708928427009,-0.02234567901234552
96,96,-3.778197213404745,0.2952621969630678,21.41248166220433,16.480747691903936,0.0009137422258433947
96,108,-8.869370881297323,0.11483801239990632,16.07170999004451,11.20409762031814,0.13286160417843274
96,120,-11.06361590714691,0.07259517559604185,18.701075629052873,11.806394121288685,0.015047837033208
96,132,-5.747609839713988,0.21024718839180534,22.44305305095075,17.28583143692293,-0.021857277882797677
96,144,1.2024614707135353,0.5687804096777123,21.391074254790492,21.799924042276555,0.017468305002092288
96,156,7.24977217886093,0.8414853698269703,21.455481482064204,20.73506292887444,0.09771702661511028
96,168,11.307675527004422,0.9310985889854286,22.564612009192516,32.93606407032691,0.16048211555171887
96,180,5.258043999869198,0.7704244404008918,22.175275367777857,32.939846254743586,0.10431721854074216
96,192,-4.735954114544613,0.25152531636471837,19.559136938091875,28.87219540013841,0.11520471306768476
96,204,-12.751212477070933,0.05039877918068935,9.162171042472378,13.160646016444389,0.12199143477228802
96,216,-2.952353160925256,0.33630495145892764,20.00081620538616,30.827892145430294,0.12327697315204855
108,0,-1.1541299227127793,0.433951193280376,2.2315701461276944,11.319433289387812,0.06067633439792952
108,12,2.2945986111214838,0.62909839316283,20.42322057261522,21.07990811034907,0.08880070117135974
108,24,3.377456328791038,0.685181624055693,22.455724997579793,15.955614540245591,0.054645692080968145
108,36,-4.051656771488702,0.28233097367668675,22.18334829426916,14.564039466985793,0.009412340324366886
108,48,-9.713113074749009,0.0965179765089279,22.254211486882724,9.146918398488271,-0.0195117353190688
108,60,-12.258407979635717,0.05611491697291161,21.78176699913066,7.039180996901623,-0.019703960015378774
108,72,-11.70582669943251,0.06324733999756924,21.870916006434467,8.519828008339546,-0.019703960015378774
108,84,-5.3000146027798305,0.22787073492865853,21.382534330196297,15.15195182606854,0.006404402261139142
108,96,-5.251558742880407,0.22983978460371896,17.72311679848638,13.508381987725652,0.04168514282939728
108,108,-9.34593727161076,0.10414619670166647,21.18061861320859,15.196008777799703,0.027834472762431117
108,120,-7.966486280063464,0.1377207303615268,21.489225439004723,15.714278736470346,-0.008698263391135885
108,132,0.8188082575607911,0.5469952651679142,21.04455150960037,22.70936726510329,0.03304355289132477
108,144,6.68175127824866,0.8232509417873668,21.939945831060133,21.715032954568038,0.06233318876430394
108,156,1.844390878909411,0.6046041889568474,21.36300862247604,33.79394133440711,0.08422222115361655
108,168,6.902504241602453,0.8305260879454626,22.31357647886535,34.66277485315849,0.09939221025592848
108,180,-5.693178900083186,0.2123357977258288,18.086019987675378,28.297870442228312,0.13715610417083057
108,192,-11.586376528030382,0.0648966054516772,11.327772501720482,17.606349029252044,0.13235086014149988
108,204,-13.000586693745134,0.047720581664191575,8.406252380914689,12.775503364276776,0.10906814423322375
120,0,-1.0622740588673811,0.4391536472881154,2.0904204686372667,11.37839060961139,0.0560886644215417
120,12,-1.5810590135230855,0.4099789755791432,21.85060957219237,21.552361860870136,0.029313623306912007
120,24,2.9838260147783364,0.6653106597768863,22.11756033297393,16.830954795830174,0.04736376605342141
120,36,-3.4581139207221563,0.3108260755299678,21.38154277376548,15.519690590737865,0.042796561838691405
120,48,-12.599388076359968,0.052098407147714625,20.982970383846318,7.401574937163297,-0.016393122724578824
120,60,-10.755651802363266,0.07751638001702857,22.052051341224093,9.109945807223644,-0.017777429712585224
120,72,-5.613151875216941,0.21543401981967367,21.8543239938525,14.652573818659903,0.005104507915834056
120,84,-3.73708196933743,0.2972359523477549,18.632862884539023,13.450004298281108,0.04627806656313482
120,96,-7.787707613747235,0.14268256120314993,21.18526694831776,16.80679993183531,0.021471960073226715
120,108,-7.0302966057077185,0.1653724166339392,22.294164378701737,18.172775378109854,0.0014751363117082583
120,120,-7.714260207508417,0.1447638227396365,12.499982449940294,14.717262389531383,0.04396759024826746
120,132,7.043081953127337,0.8350335179874783,21.869218884774845,22.584362082175005,0.07415170998748322
120,144,-0.6177780984962796,0.4644976786610148,20.97174259583427,34.1233381457819,0.08760557500308552
120,156,-4.013401877255761,0.28411917371398104,18.296623901799798,30.649703002266566,0.09025598026806125
120,168,-4.424542976702031,0.2652634200538021,18.721712509717378,30.150291791937423,0.13228868733949206
120,180,-12.871870565017051,0.04908562833339116,8.10986732578423,13.580927356881583,0.1467795165820759
120,192,-11.38371424770492,0.0677866094895525,11.645979551819357,18.705415913928352,0.11647356178382007
132,0,-8.762772714570971,0.117356716346828,5.602144253024251,12.055418328315286,0.004541510303817442
132,12,-2.4102143384477257,0.3647115546057158,20.679515861730984,21.22450602296573,0.03994369719454849
132,24,2.6934751224775106,0.6502630258225677,21.18043451853709,17.86519424391266,0.07494028695670885
132,36,-7.450319690427145,0.15245176441001337,18.264789489110726,13.87596916762944,0.005897106407752095
132,48,-11.623067051483227,0.06438580044316727,21.55268664714166,8.978109074911544,-0.015679610843262193
132,60,-3.5996437475028524,0.30388858197874685,22.081658449059255,15.504316180118838,0.010562996130297653
132,72,-3.291898800503788,0.3190833153736286,19.859373796137284,13.278907925390007,0.044659855364651
132,84,-8.833876681705927,0.11567140248855413,21.903004059715943,15.115983038386718,0.0024389119324884634
132,96,-5.5805853865476704,0.2167041728946696,22.299806388199343,19.95661782012309,-0.0016179269197009738
132,108,-3.9801830619234044,0.2856774939310497,16.227808278432647,20.112583647777406,0.07006333557854849
132,120,-1.0363476289269462,0.44062452068332153,18.079878813343655,19.946767556458248,0.10428201828368822
132,132,-2.904148154810098,0.3387869128023758,19.794108964365787,32.639548167756246,0.09694465343698633
132,144,-6.437452610700667,0.18508355091602016,17.02992066279929,28.6853558541518,0.09276294031308918
132,156,-12.191782563390394,0.05693302756171726,6.3308957654072255,12.02025547622258,0.12209659414088914
132,168,-12.027247812732716,0.059001640238357675,8.848229328953572,15.073900169947294,0.14176763276599114
132,180,-12.491593802832497,0.053337864797214564,9.064825733833988,15.40771672476772,0.12841808431223944
144,0,-9.59447200117136,0.09892657662877222,2.5948883400431257,11.239555750377297,0.010740962254610187
144,12,-3.062744400117498,0.33065524934129087,17.7700199636494,20.404589405437704,0.058955584345408485
144,24,-2.0850735171618657,0.38222711411457844,18.188244236658207,16.969999352743315,0.01915811738770934
144,36,-7.179182423872923,0.16069475279633433,19.52030013285589,15.704414633813865,0.0032466179868919642
144,48,-5.412186392253796,0.22335828824012863,21.597430042487588,16.074942739373572,-0.004137579442220929
144,60,-0.6032727140198796,0.46532856369368675,20.555129007738316,14.085521609646223,0.051105925152057696
144,72,-9.135208873866302,0.1087610230429187,21.940838878251082,13.965135870284223,0.0008330772753749605
144,84,-7.2750696693811365,0.1577391962214527,22.412585619055644,18.375164302966958,-0.014545263600083791
144,96,-6.455984427679064,0.1844408177147409,15.112737121148925,19.844331447389035,0.034179630575973396
144,108,2.1790396236659473,0.6228687178442587,20.09452654415732,23.377290376560847,0.10344044209814673
144,120,-11.795243859452878,0.06203841128521754,8.246014560969638,14.59357970638755,0.10242956222694966
144,132,-8.505674446564944,0.12362904910991725,14.17373956041208,24.24317182608737,0.10126698049627259
144,144,-14.105913744967927,0.03739858090114251,4.007669894209581,7.818234408323931,0.12096973447293735
144,156,-15.592514620982659,0.026849039482476956,1.1065433992750595,3.2397123625990263,0.13302076563247534
144,168,-11.44003448671459,0.06697170645509673,10.382211934356723,17.666007710338434,0.12347593312402394
156,0,-9.870026011549033,0.09341291540650658,0.9823873356663275,11.640621356050628,0.026152403241976874
156,12,-7.7924446495567885,0.14254918890389603,11.479774960932422,14.682389732701562,0.021509391380680642
156,24,-2.087982598902757,0.38206895738650726,19.31028945632132,18.72816385732615,0.014585823098447137
156,36,-2.0853247332873965,0.3822134553764755,19.811676958833274,21.83771855810204,0.011492879840278136
156,48,-3.04270319670739,0.3316773731788872,19.131142597856304,14.520220710956469,0.0414285192400734
156,60,-7.568635280185305,0.14896489854783634,22.080858548566827,14.607715155339319,0.005376999730456022
156,72,-7.903687432911615,0.13944691825819944,22.435493427320523,17.543537903402562,-0.01337777777777771
156,84,-3.588985223650246,0.30440799729074075,17.04235265121871,22.800133542890954,0.021697294658071686
156,96,0.7377199330241764,0.5423647539523581,20.021456467666894,24.682999223487126,0.07157390691562404
156,108,-10.219073015955155,0.08682535047165663,10.327296235799135,18.222314118703,0.10231477368218256
156,120,-14.546469067011623,0.03391323548834072,2.5624582611969347,5.743311832171861,0.10612126829621871
156,132,-14.529131877325941,0.034044270691290686,2.34010779670466,5.315574952129159,0.12764648997620054
156,144,-16.493712600580132,0.02192802684616017,0.5771860950492402,1.9350764233007163,0.13168102248305746
156,156,-15.83625439587544,0.02542094174725991,1.278454141263583,3.5349760650228506,0.11489017974553795
168,0,-13.415144025790811,0.04356532039532819,0.31834006748300553,6.7222121207337695,0.019363475360300475
168,12,-7.666571960614479,0.14612861371919972,13.194532164316811,16.062189154158062,0.017339258998229967
168,24,2.054443548396718,0.6161061312815642,19.41003098453735,23.754094837455064,0.05090897768411129
168,36,-3.1377570301321027,0.32684374732280924,14.454042395479735,17.972697175376084,0.0348723707252212
168,48,-9.45288500901211,0.10187092614718932,21.418854003950905,13.501543038941929,0.012973775292527856
168,60,-6.687439097759017,0.1765585705041116,22.50324437049317,18.385971555542707,-0.012460939006982752
168,72,-1.5788565333381521,0.4101016563764709,19.50869942753752,26.076456137452425,0.01266565134690767
168,84,4.3107113272667945,0.7295968177298784,20.76312714294339,26.180605366503162,0.05816762252957042
168,96,-12.62613579842485,0.051795093162928386,6.807664940920501,12.669114068798706,0.08863746129996242
168,108,-13.401567946131959,0.04369575896900587,3.7240077530249542,7.984326701671291,0.10591866693745677
168,120,-14.758169391431345,0.03235195172355859,0.21008761357600847,2.0562019846963704,0.13039638372949025
168,132,-16.38751557057369,0.022458646612608536,0.3246914370726557,1.6647247717352918,0.13737697337033472
168,144,-16.59325995611583,0.021441772178790532,0.7941539937308648,2.2685777358364922,0.11421134780937592
180,0,-13.243450832965923,0.04524263927165704,0.42778638267958463,7.5316571000071635,0.016084661086010033
180,12,-4.552135848317638,0.2595770474499961,12.793747569809199,20.71127967510456,0.023320991053956686
180,24,-0.5908639374540154,0.46603950554131846,13.787007898660704,20.060611048410852,0.06694575304936223
180,36,-8.265873320817365,0.12973682743097323,19.04234268053048,18.366931229775936,0.024911202436159297
180,48,-8.411128875301735,0.12600710012448132,22.308022223540085,17.796431406558334,-0.0021822109002034296
180,60,-0.6679569385312312,0.4616249257547268,20.15511108173643,27.80353023167035,0.0163655300487896
180,72,7.342442976061769,0.8443109331984165,21.799073174218165,27.960249542382357,0.04680887776967191
180,84,-10.633371188302112,0.07955386088521735,8.452015023982273,16.03839382485886,0.07527747957165654
180,96,-14.858757681021599,0.03163468097821208,2.1641887964513558,5.267165663678947,0.09254091224906213
180,108,-13.788930874894092,0.040116713093134325,0.29106614137859227,2.6406638816965895,0.12756299794261183
180,120,-16.087437410367396,0.024026703774053828,0.02832491063138846,1.2352262923421757,0.13955741982241132
180,132,-16.517121828758686,0.021812720180652088,0.5011905896096043,1.9276629957228544,0.11938623518246927
192,0,-11.320524482499042,0.06871184808241088,0.3912793641357735,11.299499498046917,0.02221700084738154
192,12,-6.549845663124074,0.1812119826361253,5.42267735283964,14.835191513273235,0.04432918450490475
192,24,-5.484832623032148,0.2204700273642567,19.406586750294004,21.65698044429714,0.031812321633904905
192,36,-5.379696859925688,0.22465869623480178,21.710293235553962,24.584056273054017,0.008554067268192522
192,48,-7.862849309825805,0.14057916158419909,14.276042224824831,21.229713263286737,0.021246538065219034
192,60,8.161609753569634,0.8675284148403042,22.081471759013333,29.416460622634254,0.04920403382836269
192,72,-9.67604742123552,0.09726478722789007,9.861965648843462,17.818306819163165,0.06323489948689309
192,84,-13.07467143384305,0.04695133382392235,3.165433474758488,8.146262905755869,0.0794222042462075
192,96,-14.539630984998514,0.033964859778481814,0.13443725673089515,2.155579068333296,0.11487812746122106
192,108,-15.459105226799647,0.027663434330548922,0.041852710774002634,1.585477976324691,0.1372872839035335
192,120,-16.235908690960635,0.023237954999867534,0.04880717376407387,1.2885855929494763,0.12089946552972941
204,0,-10.830140291477331,0.07629876285332739,0.09654811221533366,10.208189132622307,0.041757344065031066
204,12,-11.424311563177355,0.06719828358749995,11.65302394002886,12.794455021482516,0.03375239781349093
204,24,-1.2061034586278228,0.43101391971668146,21.881604186906728,27.739364955801847,0.01483887187155164
204,36,-11.901122044230306,0.0606348410903206,8.599306102108244,14.672889862501357,0.03059312399761538
204,48,1.7191371183155135,0.5976891971087841,20.795251421168828,29.44803764235383,0.05215524858081877
204,60,-10.01923595410015,0.09054370051276958,9.509380225772912,17.088181558382253,0.06537079971226256
204,72,-12.193997201383368,0.05690565426356067,4.193822026120438,9.536082234755703,0.06739344772938805
204,84,-13.171857283751706,0.04596008433883583,0.20324164007843104,3.304186087252282,0.10226035667616451
204,96,-15.827040535798176,0.025473555991877204,0.018952046207408948,1.3884423507859955,0.1252264482473533
204,108,-15.537966070632637,0.027179173895599838,0.08110647323258613,1.711782527253418,0.11908886635316474
216,0,-16.69996912789692,0.020932246204383352,0.3153837588326999,2.1274463461492603,0.032383938632546405
216,12,-7.484878641394843,0.15142641614439542,18.748699704852683,22.770919384001267,0.017014415934430205
216,24,-8.053759196531047,0.13535166158975337,14.047013058920449,23.865845357460007,0.0404230778615573
216,36,-2.4083871364446052,0.36480904177155504,18.76035806671748,29.643296439060855,0.06045844404272194
216,48,-14.44710361462519,0.03467089394444278,2.6078631899153404,6.141431519260325,0.06757652419692672
216,60,-12.427679224592813,0.05408586653192648,4.058085747298801,9.157551429777715,0.06941783923119738
216,72,-12.100308046618924,0.05807453404967627,0.24638662305375264,3.6662382130959035,0.0902004919811169
216,84,-14.674799534151195,0.032958332718016986,0.03457654360262977,2.2367108256413823,0.11307465054034349
216,96,-16.108877309392007,0.023911212176585435,0.03877270334479608,1.3618641132950293,0.108930488153818
228,0,-15.68753531478965,0.026283252557616474,1.3701537800205363,5.128385707907454,0.016778901533979873
228,12,-13.154496664835278,0.04613568115337391,5.786045200514499,11.5052505845958,0.044716261436062554
228,24,2.5555837280148386,0.6430082539560427,20.765234523838117,33.544040008767894,0.06941733253429916
228,36,-16.256590287964606,0.02313010982460614,0.7357043781739687,2.8664184448824885,0.07387574304545319
228,48,-15.200132398266994,0.029313373811218398,0.8401301970611564,3.5187327754199966,0.07125716234441026
228,60,-12.244030635483538,0.05629051921862594,0.22715390981631128,3.6117271040147902,0.091189323742485
228,72,-13.511724671068725,0.042648048160963015,0.044044422122167456,2.74085751536547,0.10103432473797802
228,84,-15.292948634697156,0.028711339530692034,0.07328674788008781,2.1211610361808,0.09863595822720095
240,0,-16.27997873324872,0.023008738380569962,0.09796971852678057,2.6163868766323226,0.046502505780758985
240,12,-3.729738233894846,0.2975892920286363,17.25360915538077,29.873350246051757,0.0721883235768197
240,24,-15.624512999174666,0.026657199425979237,1.317844617097994,4.6062594127898855,0.08178549274055058
240,36,-16.478536895567338,0.022003095841774786,0.21447901171471181,2.0172509819137945,0.07704045473012011
240,48,-13.87042725859823,0.03940031674873254,0.04318396213228771,2.6763946259861804,0.09280378351198693
240,60,-13.596055578776484,0.041862233983627324,0.04173474528698053,2.736128552073729,0.10206398631170155
240,72,-14.57519387110552,0.03369720264688383,0.09860642772455694,2.470064865973542,0.08849290744530025
252,0,-12.848738374201513,0.04933484180194239,1.4441743839778352,9.708608083836111,0.07300386017964378
252,12,-16.60003080380453,0.02140908464977873,0.2959155907436168,2.2512845580357244,0.08417937976233103
252,24,-16.104181673004923,0.023936460040145224,0.4028484446459585,3.047084832529105,0.0845202534062075
252,36,-14.90563151156387,0.031305712149335044,0.010698151085217773,2.2206897454381047,0.09818867140720133
252,48,-14.848857619090998,0.031704587876051196,0.007833507497975015,2.0229312113221773,0.1029403502153986
252,60,-14.565593148600769,0.03376925935714578,0.10128812152089671,2.477191008115806,0.08953291403589259
