24,0,5.007169986737047,0.7600481479268018,22.6411484443586,21.587677012465043,0.34427816348486473
24,12,-3.140710490812046,0.326694140364744,22.425468194261924,21.4908823103956,0.09100623464675883
24,24,7.475142268468105,0.8482852846965627,22.665715224383096,28.627538953678233,0.4047761189718022
24,36,5.987026092581312,0.7987602256280459,22.707583761291286,31.749203051219286,0.3267808066125135
24,48,-1.5932666460153015,0.409299199243205,22.70584541543011,29.022688438757505,0.2455936037220705
24,60,8.247234310699625,0.8697778366577626,22.424811568289268,37.23704498577209,0.5940699584254416
24,72,1.0855552950520597,0.5621662478980813,22.317827204161308,32.43723593243639,0.27795287650341816
24,84,2.734619306354427,0.652414487926974,21.810049903552727,35.5418628324273,0.4773762520088036
24,96,-0.7886743959327658,0.4547246090326703,21.37219968735434,32.4292491129583,0.49017067156841043
24,108,-4.834292894561056,0.24728650342932676,22.546905239048517,19.36038650914994,-0.015222179073341335
24,120,-10.804255802574627,0.0767198782609286,22.260947363874394,12.527417774516955,-0.0929752066115701
24,132,5.124545775852231,0.7649424584014816,22.69238383639314,34.13690457591088,0.40876929951985363
24,144,16.974646885599455,0.9803254153166425,22.697386115189627,31.540925230597814,0.5698090988729503
24,156,0.6831963828376587,0.5392470413316128,22.616309917324713,32.56320566659069,0.4429524982555776
24,168,7.392203831899699,0.845811133940526,22.59672864798605,38.380103805415445,0.5300997016779649
24,180,-3.5622189135540334,0.30571458118029415,18.597553498014626,35.76978786989445,0.7069805012898603
24,192,11.156736098510933,0.928835227022443,22.613739639276503,39.28903884745885,0.5584821976427212
24,204,14.339996710425243,0.9644941489907911,22.657213141906663,35.413746556061675,0.5678022440357332
24,216,13.434984642561258,0.9566246393939372,22.58505645511139,38.175228112324554,0.7454254909883895
24,228,6.904095560053723,0.8305776554744788,22.47326042269797,37.00990761362408,0.5622760652385052
24,240,10.148434715121233,0.9118763493049263,22.5951511042162,38.08297605582345,0.5589866107575447
24,252,6.0148021481510705,0.7997863168917045,22.61046139457927,37.05569576914858,0.49287241874127274
24,264,4.125172369217301,0.7210862256505846,22.306982456638956,38.72222762991701,0.49911446557256345
24,276,-1.5077251112021148,0.41406969680764644,21.239045496195295,30.136955400628537,0.42057082471189267
24,288,5.56401529260283,0.7826474869856384,22.663345126802284,35.00477768629483,0.3784687355471037
36,0,3.5679655755099473,0.6945662037779056,22.655270652208095,23.5782532833801,0.2187681605560473
36,12,10.704261670777065,0.9216332281784407,22.578450797297975,35.00615255665092,0.41933253941251925
36,24,10.411565305364245,0.9166251195653006,22.70616305498327,38.72735992183622,0.36770414262555484
36,36,0.9454122251982411,0.5542083996527533,22.70048908122164,38.089009266194644,0.25958211752314364
36,48,1.7728325297795786,0.6006585390242594,22.69991771169353,34.29200393335195,0.2576466209459556
36,60,-8.582205524851233,0.12173243070048667,14.841385729452629,22.054690881899205,0.36228903512141564
36,72,-9.248938464175549,0.10624852838420461,14.59027151372446,28.35539940993101,0.4304172326338157
36,84,-12.475380552706962,0.053526681620982994,8.167114888232364,13.721534567676922,0.49306307903676416
36,96,7.727587635937638,0.8556156972304594,22.32439029780738,34.71610321705389,0.3387376479333446
36,108,-5.583364728353738,0.21659556235026237,22.42364579041688,20.61844875948676,-0.02841086155272321
36,120,-10.90361848791961,0.07511487452865212,22.058549196772,16.20486162609991,-0.0014041617400710749
36,132,12.544439681511271,0.9472732152185817,22.66352714151172,40.846355027639426,0.47252309157689365
36,144,-1.678911882924423,0.4045399637614153,22.09984133782062,35.22613145349946,0.1403671772825904
36,156,-4.550254110791362,0.25966033232393965,20.51114699718791,34.949505046429444,0.29682375543248996
36,168,-8.674244187648988,0.11948474614713055,14.511930697314654,29.35042938506513,0.5135037221983357
36,180,-12.343256435758246,0.05508904461886094,7.410573570030761,16.347537431689265,0.44488185921226187
36,192,-6.064438031354484,0.19838983367064678,17.819078306706125,35.26076516887822,0.510276412616542
36,204,5.5175584050009965,0.7808222990566958,22.110560754887086,39.062152989924016,0.583972655459859
36,216,-6.92678084284779,0.1686885735093906,17.305867885487228,33.67940607988453,0.6016965718534758
36,228,0.12135312687384525,0.5069851930326725,21.45143084550786,39.454068069372475,0.44387083689834717
36,240,-0.2762454233310576,0.4841033945465491,21.219978498801854,40.100688034645614,0.45041852859539566
36,252,-11.522894089901408,0.06578932302151029,9.706417971632892,15.436977155816482,0.3705346120711318
36,264,-10.237223844551886,0.0864945526770853,10.862694882468588,21.151538240542614,0.4347664393066173
36,276,-7.3885624361074065,0.15429824555181126,20.072954467878137,26.339116039059668,0.21304323648738333
48,0,10.81041924624386,0.9233805878588709,22.653649236987928,35.0683334966693,0.33264352169786593
48,12,11.912068720301733,0.9395085670239244,22.696640990574874,38.88084007560185,0.32763317011362836
48,24,2.7169576598522536,0.651491702317587,22.623598997350747,35.41360009837675,0.23128813796259284
48,36,-1.4060286129806592,0.4197621041830766,22.50800566965996,37.38960063579573,0.18440162096170654
48,48,-4.713775294763569,0.25248795532000046,22.226817546322547,18.398805708876452,0.10284721324700341
48,60,-16.43187663237474,0.022235485093238798,0.2404303359372041,1.7847852666990223,0.4491871272049044
48,72,-17.2069862231282,0.018668824526123017,0.2293014782330557,1.1500484122427885,0.4748212999566137
48,84,-8.296830117158319,0.1289341537229926,11.006511944877364,16.24913551674459,0.20098281358349968
48,96,0.3243103143973827,0.5186601318487652,20.363647506974523,33.63994707466654,0.21675057345546778
48,108,-6.172817253861674,0.19445102039415602,22.1858074048945,20.45708255311217,0.014787411381865567
48,120,-4.2679570386341865,0.2723497491217771,20.92499239041826,24.275529813128383,0.11747816666471855
48,132,-9.43348395108829,0.10228037766713073,18.40495851926102,21.74728448678561,0.19525612475455478
48,144,-17.98136629698361,0.015667695007390937,0.733937745290781,1.0822750498549694,0.48086226272627774
48,156,-17.187217635907203,0.018752399395723263,0.3611667907822209,1.7589276515777796,0.6159036097770354
48,168,-16.55650256531166,0.021620078910148485,0.4419052377869044,1.919507899404126,0.4167205113265311
48,180,-15.87908328850017,0.025177760594173128,0.01310222819174513,2.1594256792421627,0.5345856779696774
48,192,-14.216580678159334,0.03649196688287533,0.4418959828515074,3.3538768867676945,0.5895445336401643
48,204,-12.428790806665994,0.054072773411482436,5.460889422218417,11.018510438397724,0.5823047981632767
48,216,-16.862047932472215,0.02018092629062349,0.8761384704810273,2.6883869770434874,0.5472797764670576
48,228,-14.083961675887043,0.037580974057185655,4.376482638539136,9.307037089308054,0.49806261925289497
48,240,-15.36151441146452,0.028274324430094547,0.24512842441413202,2.1083676014030748,0.5200787630013494
48,252,-15.673788664013774,0.026364381471886533,0.2305338888022419,1.8683135294344801,0.4502789079615507
48,264,-15.422010834498447,0.027894108868613286,1.5341152456526188,3.2402135390559006,0.33430171743273984
60,0,7.906465752249496,0.8606298327800552,22.673511915833448,35.35940901413631,0.23560404570570304
60,12,4.760631701226003,0.7495429099792735,22.383387977865944,30.58352150987578,0.19672244499246272
60,24,-4.6192527469839,0.25661784645036634,20.13652983626046,27.26841804528118,0.18210373249641887
60,36,-11.1589567431734,0.07113098180382223,15.510921903403004,10.50335364885726,0.16373122394469442
60,48,-15.856459789943315,0.025305932411852642,5.039671407766373,3.9973707279447273,0.2575226908125905
60,60,-16.16661528617942,0.023602878022825312,0.02584753870015385,1.3658682836700726,0.47595001781376256
60,72,-11.870413436115614,0.06103884170616022,0.7263385551054395,5.767486488444541,0.276669285504651
60,84,-11.753284674102256,0.06260299274851396,3.5887364023688035,7.524229629399863,0.2261802100112834
60,96,-7.382170533562242,0.15449039759202268,13.891700615728778,24.47303101965489,0.2170146484146721
60,108,-2.7801698594838298,0.34521087671819334,21.29647900805437,24.49914862243794,0.0866434038504853
60,120,-12.83608992852348,0.04947161602431312,16.946413825531494,7.008513370051341,0.06675099115335792
60,132,-17.71945538732521,0.01662545062312748,0.5201790829466174,0.7464817591932612,0.4640480214418369
60,144,-15.823883017089388,0.025491610874257838,0.0008668680146982162,0.9677161234813737,0.5620177130586717
60,156,-17.752189152761723,0.01650267204369347,0.012611036161836172,0.592104691203032,0.5224464806547175
60,168,-16.330268332233935,0.022749869198859202,0.002279272617947364,1.4164759887988534,0.5114834795765522
60,180,-13.554084524762498,0.0422515835098917,0.001747254235684609,3.1344541741776992,0.604527538858699
60,192,-14.489930060273231,0.03434236292822406,0.0030788361267083887,2.027608526436542,0.6342706538564362
60,204,-16.71234113635423,0.020873943072303853,0.14273406102256672,1.4135165820597142,0.5474868024521258
60,216,-17.145774855423447,0.018928798238957358,0.011264962281107608,1.014870072549545,0.5471987424679382
60,228,-14.379264389072402,0.035197512794794744,0.01762806461065732,2.2059406988253314,0.557603615901584
60,240,-14.435026714933997,0.034764084874340365,0.006017227378434569,2.2147845838818725,0.5816898708749179
60,252,-15.895075846063854,0.025087537659238004,0.09079753734659582,1.4531643364158542,0.36880250595016817
72,0,2.848164242578317,0.6583194475536068,22.24207203029207,29.30417102374185,0.1864673042277626
72,12,-7.257176917441978,0.1582873359235344,16.19844943371719,20.649824582880484,0.2580441181710589
72,24,-14.24549794368508,0.03625857505279161,6.836023233479449,5.963850883813026,0.2129377922088811
72,36,-18.19176631630785,0.014937812944468507,0.2922281611980257,0.32383843929598444,0.27042254048296166
72,48,-17.944017990792318,0.0158008763644109,1.1633378632845108,0.7894222039021406,0.2803876455472293
72,60,-11.531404462743236,0.06566898717745626,0.06402738548389736,5.735030543795336,0.30632033150741556
72,72,-13.361442971773096,0.04408346049740536,0.13253278314249878,4.318496334800843,0.29263661894751325
72,84,-13.848884901157808,0.039588483788068646,0.9008927347474134,3.866458871194018,0.22511160858676948
72,96,-12.165583250832677,0.05725779571656924,3.7152933598837463,10.368193849055942,0.246060269452407
72,108,-11.420913842893789,0.06724734023720014,14.64131195154334,9.812015619024642,0.10292185501285567
72,120,-17.028156122689797,0.019438345347874947,1.3197853094338943,1.1040225586872672,0.2938887452661675
72,132,-17.950812048498126,0.0157765666343048,0.0004037571310151907,0.35878750339338944,0.5595698781244782
72,144,-15.9901702094999,0.02455752758939948,0.000940186622305431,0.9454142564176178,0.46324523936136575
72,156,-17.447581726666755,0.017680502001452734,0.0017570597437697826,0.7313569005845414,0.575707708225411
72,168,-13.603922591934769,0.04178963750789105,0.0018514532054944605,2.9427317082277913,0.5890898093222745
72,180,-12.77620813995307,0.05012404159596988,0.002761759083566273,2.9457904734949736,0.6548186528604824
72,192,-16.826091640638538,0.020345289180175287,0.004436022665468495,1.064748486788979,0.6074931737519352
72,204,-17.433296832213106,0.0177377195469972,0.006688009418084326,0.8922531933846441,0.538239453813637
72,216,-16.7444401284977,0.020723416563677457,0.00016876539685924263,1.1553867942185567,0.6083431475232903
72,228,-12.609758248613716,0.05198061267353288,0.0016730816495351569,3.0122748643777095,0.617455386401909
72,240,-12.517603767101475,0.053036269498953015,0.00783411317234135,2.841827788367628,0.5067650855348251
84,0,-8.437041946914153,0.1253514560068541,15.612847208736463,21.340971129399527,0.2394009272402159
84,12,-14.274659560315733,0.03602466619197741,4.33872662061515,5.099925270682027,0.2671011451456786
84,24,-18.010319388832524,0.015565211059232085,0.05022687782037817,0.3273777543213913,0.2939843672828796
84,36,-18.192638928564534,0.014934856666028196,0.0635075803032427,0.2363965209202299,0.2857923349939926
84,48,-18.290508180322487,0.014606921304044385,0.6630938122674566,0.5007502446200691,0.2366721492383116
84,60,-12.97864756742432,0.04795067159588498,0.01661778695628328,4.684299742565174,0.31564733178178905
84,72,-13.882776778080899,0.039292833901580664,0.03224043672214065,3.068342379065338,0.28599172844781984
84,84,-14.22509567786247,0.036423092407952315,0.18110556105895856,3.8475722328904984,0.24703681676483213
84,96,-15.01737953944758,0.03053474482461734,0.35409462444856354,3.266578142400248,0.24187032015900212
84,108,-15.383834257113485,0.028133463605343967,1.5882992698035827,2.573664346303696,0.1590274325196166
84,120,-17.889530971852835,0.01599717327141934,0.0007421207101477354,0.4504531268152497,0.4367708369353678
84,132,-17.281389933938534,0.018357534130211642,0.0013863805858695306,0.6643280965546444,0.47136571864915366
84,144,-11.842209763701652,0.0614121034926925,0.0003980855240917161,2.103078100261929,0.5533988450194008
84,156,-14.216738682896972,0.03649068770456741,0.004203085587796001,2.5228493669454153,0.5494065823691696
84,168,-12.07633013007138,0.058377287596600665,0.002136058508090891,3.1953759422728067,0.6539055095322213
84,180,-15.831550355839735,0.0254477901631964,0.0052209217118128134,1.5063381742437456,0.6266184166934923
84,192,-17.42607683735706,0.017766708068163342,0.0007858062958299807,0.8313056262306335,0.5895338211951273
84,204,-17.415915678889405,0.017807584277322812,0.0008292795888352735,0.9247245218348409,0.5515541345787689
84,216,-14.123076685190068,0.037256572120011724,0.0005591052706203091,2.530894954264945,0.6243944899876503
84,228,-9.602898043246611,0.09875376437969388,0.004581078617403617,3.8989174645341,0.5676082566404796
96,0,-15.207225918607659,0.02926693420711216,3.871332002505147,5.198540615809765,0.24840702246282387
96,12,-17.0738137475278,0.01923897038603751,0.0230236360343554,0.7501213228580664,0.32945624702346865
96,24,-17.948450801895316,0.01578501120495028,0.009587831936839559,0.33243719883561434,0.30193025554813835
96,36,-18.379038239331397,0.014316396189720604,0.05427060549836771,0.18555790969289,0.24160225065778373
96,48,-18.58925175749252,0.013649169866486519,0.1717650698040608,0.15964170489201238,0.24743722244102673
96,60,-13.57117172044167,0.042092656067296105,0.009015753600519247,3.4668875109444612,0.30527145407043144
96,72,-14.377282304218074,0.035213014534904365,0.010571808108939746,3.300743842803678,0.2996086352376034
96,84,-16.197651637459217,0.023438743511544978,0.05779887264590313,1.9180212495899611,0.24489734215258885
96,96,-15.485631602345485,0.027499615494460252,0.01560526554325738,2.39373042701845,0.2698585310272862
96,108,-14.423935228710782,0.03484988457914313,0.003961830695325478,2.452010369396193,0.35882099297667813
96,120,-17.985937780016624,0.015651469501256867,0.0005681516697538919,0.40027148796116074,0.38900568002004665
96,132,-15.271229103671171,0.028851134590297384,0.0011323768779230648,1.450694947424848,0.5205079804798487
96,144,-5.961138448135986,0.20219964189506395,0.0007623420403778135,3.6020220796629494,0.5709043776691158
96,156,-11.63429679731938,0.06423020983830834,0.005356054759210533,3.218326224926263,0.619891247009337
96,168,-14.566894960875194,0.03375948010276396,0.0023085530903649725,2.0729779008654527,0.6258719932818655
96,180,-16.743208669747467,0.020729171775417013,0.0009801208863741263,1.1810453148901894,0.60758964391591
96,192,-18.067698787601927,0.01536405340083002,0.00032991627650727864,0.4590664981408089,0.5969685906523092
96,204,-15.846975093259319,0.025359856163003215,0.0021000023262498684,2.0122211086179957,0.5918313890967373
96,216,-9.516230971584017,0.1005441388927928,0.0020455997055722143,4.210520086795983,0.5801640411748679
108,0,-17.44796880772974,0.0176789540893342,0.01889547473004652,0.5793312453320136,0.3072593810557859
108,12,-16.988489347738202,0.01961320281248946,0.004458527968750504,0.7995542282865447,0.3309692342750339
108,24,-18.178904778829303,0.014981452793216807,0.008717420361336268,0.27282006207299797,0.26043273523732136
108,36,-18.39295215626131,0.014271256277111248,0.01432177722716076,0.16410206798932106,0.25037745234831643
108,48,-18.691450969868207,0.013335957545691939,0.026463463587942562,0.051860095474449794,0.24821782720530827
108,60,-14.061918356224641,0.03776498536339307,0.007471259715189233,3.719484087195663,0.3163672936540234
108,72,-15.044931100039598,0.030347506194038417,0.008518578262240176,2.420454542294773,0.29397536496382215
108,84,-16.999454179900383,0.01956471450747006,0.011047491049585684,1.0374610504003496,0.3598183953994706
108,96,-15.694963179149262,0.026239516506602282,0.0019158629345330503,1.9878809342568087,0.3817145874800487
108,108,-15.95819235773234,0.024734527210725856,0.0023306534371493833,1.5846712886761325,0.25693522687242754
108,120,-16.01553674640659,0.024418000807152174,0.00035206591362714257,1.3029361660734815,0.4498011165595356
108,132,-10.832841681651544,0.07625493627464258,0.002675837202286349,3.477095443076866,0.522377420289566
108,144,0.5968341293694727,0.5343025648599476,0.0005825480490556435,4.549068489226627,0.6423147840222594
108,156,-13.722028699610409,0.04071413166554874,0.003465217161911232,2.4332282300403083,0.5952618745750193
108,168,-15.84967050734493,0.025344520437258974,0.001128282737740999,1.625067929922289,0.609333769107923
108,180,-17.97263160012607,0.015698742996861675,0.0004251189966593922,0.5412245761446054,0.6135372488050874
108,192,-16.87695682459064,0.02011315701366561,0.0012632505230111915,1.3369319392966477,0.6143087764147777
108,204,-12.884019090846452,0.048955225417143915,0.006066101129729199,3.7244377559730864,0.5422705687541501
120,0,-17.37720264088233,0.017964166471980444,0.0035979783068267744,0.6033327823252369,0.30989484145640334
120,12,-17.309313816859667,0.018242025393787584,0.005397660386008217,0.7609358727758918,0.29204442264785047
120,24,-18.184934940132205,0.014960976539084117,0.001982221263511318,0.2574438555914035,0.2686838712376003
120,36,-18.438238175102885,0.014125307176905499,0.002963053241075526,0.13960722367196307,0.250168386887478
120,48,-18.687304547432106,0.013348526077407167,0.004615365944090443,0.0431480899284604,0.26136622039214996
120,60,-15.378276316410592,0.02816847599150621,0.006399069480729523,2.3098380302256483,0.30864462174464047
120,72,-15.602454162581585,0.026789305593797986,0.015017351801852472,2.0012784423376466,0.3107442327672718
120,84,-17.803287928008352,0.01631278950044668,0.0008330421812703166,0.46248348305659576,0.4396419560477519
120,96,-17.398524343865066,0.01787776034372164,0.0020338121161444776,0.9173121755230872,0.36497852540152875
120,108,-11.418608195386827,0.06728064834698473,0.0020687526672473356,3.5200037471473657,0.3482213816631574
120,120,-7.16607346991129,0.16110227385196813,0.0008992748768182194,4.395295089398519,0.4705430393513481
120,132,-6.422662382850896,0.18559775681997062,0.0032754543324157726,4.420728939788376,0.5962558426566247
120,144,-9.391463003952923,0.10317221499332647,0.002366696961918191,3.587282245574856,0.5820128178507888
120,156,-15.533565640152451,0.02720597718149925,0.0020923827675836284,1.6968823970191216,0.5826061022844302
120,168,-17.67170061252354,0.0168061825925698,0.0008135979052223566,0.6736537094294541,0.6037469221973031
120,180,-16.907050115056453,0.019977044497471258,0.0010337171129028214,1.4253463583588935,0.6241924544007131
120,192,-13.463298012022712,0.04310564912461302,0.006665349414188206,3.714552942221529,0.5589622713174005
132,0,-17.622163209105505,0.016995701544675206,0.0039029651253156376,0.5450373652391945,0.27393502529859826
132,12,-17.334598194085416,0.01813805065688184,0.0013167986727800317,0.7132793343201409,0.3000906754911209
132,24,-18.23430316535537,0.0147943731023286,0.0006349476785326752,0.22912864369752467,0.26854972672071253
132,36,-18.419937430321106,0.014184109370440777,0.000796540601827212,0.1464168261504082,0.2614391997345068
132,48,-18.71548762299331,0.013263327907641604,0.0009840244002000832,0.03125199051217296,0.2608978626695906
132,60,-16.44897577483792,0.022150046483916,0.010444391395474616,1.3604507765264569,0.3931913566925148
132,72,-16.689967690730644,0.020979494472033917,0.0022038903077565334,1.2383154626506567,0.4433979534653698
132,84,-18.490996292243313,0.013957131401567109,0.0007687984933978124,0.15353475678126685,0.417595908767302
132,96,-16.79283327940637,0.020498485909284714,0.002000527274208793,1.3361793452297703,0.41706216223064096
132,108,-2.555257579207731,0.3570089849963328,0.0022784047670326396,5.756108710935109,0.43972376580487804
132,120,0.9034428447155551,0.551819612693732,0.0006349240510425698,4.997867833718982,0.5604837277861712
132,132,-10.681611205956658,0.07874429009031265,0.0035771215167179973,3.631549347195675,0.5809257130655012
132,144,-11.552021951237334,0.06537830583405403,0.0021677800575141443,3.0179281400590754,0.5651852731635891
132,156,-17.817193961025886,0.01626148780304192,0.0022356728737073115,0.5723172147860894,0.6116993777518311
132,168,-16.98677876829783,0.01962077789008591,0.0012021072923449217,1.3414594402434377,0.6126873494079251
132,180,-13.479876542901565,0.04294846720766199,0.005106144618399208,4.057422941470893,0.5642566517822466
144,0,-17.58542738647087,0.017137599246488805,0.0009161312803033665,0.5374535338419127,0.28177182341661267
144,12,-17.36788271281538,0.01800206409529115,0.0006390536931284628,0.6682515301897987,0.3002142393064826
144,24,-18.240266379018227,0.01477437309294171,0.00032124721037785086,0.22553880970522053,0.2770998198930038
144,36,-18.423912117021,0.014171317813982282,0.0006189730912989075,0.14331232886581793,0.26068898229971804
144,48,-18.756821533631975,0.013139343957114434,0.00019238695058612063,0.016838189797968115,0.34835287298571227
144,60,-17.511154263224583,0.017428055456743183,0.0007776292287503139,0.599003500133354,0.45307655853391904
144,72,-17.90561330099262,0.015938986261335147,0.0024238104824578113,0.5407021994888771,0.4251146358318326
144,84,-18.395029596532353,0.014264528633815237,0.0007893229083292062,0.20453502998672557,0.4596876591411635
144,96,-11.617990441789257,0.06445625312316218,0.00599100325707515,4.983929742723454,0.44420557276046413
144,108,4.539937711808452,0.7398827602071439,0.002132633340086503,6.250919001098198,0.5225198066881609
144,120,-1.8975163689483066,0.3924752849862812,0.0007723882265665319,4.970564348527678,0.5459885939682079
144,132,-12.275198254561683,0.05591049586068092,0.004298088557897157,3.0916066938118716,0.5651964399208982
144,144,-13.928723861492232,0.03889540237401493,0.003624628909862608,2.2727256022265805,0.5531821909588821
144,156,-16.206934353399458,0.02338986902046672,0.0038366180422532876,1.8324590503975644,0.585028762124184
144,168,-13.789931658987593,0.0401078404333046,0.007100675720193347,4.188708023363351,0.5598779146227579
156,0,-17.59493067999038,0.017100780099133316,0.0005333734485639164,0.5172153579509396,0.2823929528438064
156,12,-17.537016251265904,0.017326373622684063,0.0004332534073201689,0.5878370444940826,0.3063735664772077
156,24,-18.2124697618274,0.014867827927116722,0.00034994925636434474,0.23307620532732454,0.27710970945643665
156,36,-18.481262355077035,0.013988010838871285,0.0007969866846079097,0.12195366486188615,0.2738624772656547
156,48,-18.783167985582075,0.013060913418013766,2.2976445604518943e-05,0.007872231312132768,0.4011533328472363
156,60,-18.410826368263756,0.014213474050629534,0.0008233188747841626,0.20001664148190373,0.43428433646375775
156,72,-17.882179534614963,0.01602384083818604,0.002047619781917941,0.5952965396553819,0.46100063964061777
156,84,-16.536374757098166,0.021718330626131585,0.006615012458523291,1.47708228990947,0.4641438025289234
156,96,-5.458761858555912,0.22150345457117118,0.009351791825609704,6.923695945540927,0.5143805394666245
156,108,1.7285475593686694,0.598210116684377,0.0022421401027821843,5.895905783385535,0.5140930101978596
156,120,-6.273296910996098,0.19085255417012476,0.001165200295660802,4.697259252740136,0.5359692578880965
156,132,-14.849921429745104,0.03169706887417053,0.007570922177997045,2.043125948129278,0.5522568953783966
156,144,-13.248599252729097,0.045191459720977795,0.0027742098684283957,3.6353620219018468,0.5685803119190669
156,156,-14.018491749304907,0.03813003373134081,0.01118010502821013,4.08648608777616,0.5444769926978609
168,0,-17.689337722978166,0.01673920965242326,0.00032657085765990006,0.47216086964388,0.2886756760265261
168,12,-17.329079675692572,0.01816069424063324,0.0005085286188100011,0.6603534242105202,0.30663716041015465
168,24,-18.260943934993637,0.01470522874804435,0.0005170458590794335,0.21362138908271042,0.2885166320540361
168,36,-18.575986051066206,0.01369035391568949,0.00033501671541707404,0.08828636259332617,0.3117887307945528
168,48,-18.801900822978,0.013005428971098947,1.0032086980287224e-05,0.001957179780020682,0.3974433416969635
168,60,-18.38177868153348,0.014307494458362987,0.0006820691359917109,0.22852491264821628,0.4691660654134536
168,72,-14.274035532225927,0.03602965635424717,0.010305397079731536,3.508801807064033,0.4647094891938819
168,84,-9.122111189823842,0.10905370102988478,0.019312940206240577,5.043104539476349,0.5337185733900297
168,96,-8.044866962784159,0.13559146418832083,0.00995697286182336,5.844857409219091,0.507867007672189
168,108,-0.2272876679871211,0.4869192555791695,0.003740193000292881,5.866570410845331,0.5081313075618676
168,120,-8.277721014619372,0.1294291294367466,0.0014729545438565105,3.7274460488391106,0.5333177254213859
168,132,-14.597485861998434,0.03353046547109122,0.00518025996049007,2.9774894531134417,0.566053829896626
168,144,-13.63273185598047,0.041524813310927285,0.01010490898684687,4.660171921250354,0.5309523359482038
180,0,-17.52600285357846,0.017369603665544006,0.0003739294917204333,0.534686053788436,0.2897343927429099
180,12,-17.45185376218757,0.017663425776583513,0.0006434534486057128,0.6032591396579466,0.31599945904179416
180,24,-18.289476852411248,0.014610339765739503,0.0003415308905506428,0.2075941496413072,0.3227353049666939
180,36,-18.697570611520568,0.013317429167981504,0.00036603648655666424,0.040567458050767446,0.36294287274249315
180,48,-18.797086340804455,0.013019666650143437,6.998807672547289e-06,0.0034415585260572585,0.42935656074644746
180,60,-16.518507105156704,0.02180591534372703,0.005964087268731343,1.7602557253677118,0.47322745787586906
180,72,-7.4929150450218485,0.15118879317410458,0.021769885405710388,6.832002844223046,0.5000958355799793
180,84,-11.257639852911904,0.06964421941342404,0.025311415971141314,4.185676130159683,0.5128997371638235
180,96,-10.432124106685329,0.0830138166253158,0.012756611522272438,4.854425295091416,0.5037594215486203
180,108,-6.022923916648406,0.19991439429667143,0.010871912544074061,5.6172296475757335,0.49416296544233607
180,120,-8.860764073241109,0.11503961573614148,0.0009811288096050759,5.251431394816187,0.5411074440847289
180,132,-13.789820045547742,0.040108829872334,0.015602621567802516,4.698278345356572,0.5292974931871965
192,0,-17.601344621239782,0.017075974148115597,0.0004233695881784401,0.5018083243921635,0.2994595423649259
192,12,-17.708084801752364,0.016668309485004675,0.0003801127242101224,0.5077180452629809,0.34595979580378045
192,24,-18.455374197306263,0.0140704652174717,0.0005310158690296007,0.1346770201565419,0.31746565179969355
192,36,-18.657028589400777,0.013440652623755933,0.0003190972969993526,0.05727803193762851,0.3949006259958996
192,48,-18.73781665185027,0.013196207765561538,6.42031844927532e-05,0.022778527477528523,0.4343282976110072
192,60,-8.690848850105844,0.1190830818893134,0.01748053831873357,6.118067554827324,0.5330763995901542
192,72,-9.20916432355113,0.10712134314777998,0.01876451322223116,5.954538355850015,0.49555559479046973
192,84,-15.304964494032498,0.02863428359540335,0.011625226654164307,1.8979829253810967,0.5227553465005069
192,96,-13.883286013826284,0.039288407859980064,0.023190173536267008,2.9817416415228815,0.4928718013504103
192,108,-5.271343147505014,0.22903438753795832,0.005511096650127874,7.4448604556055695,0.5122668547856393
192,120,-9.90994870249897,0.09263733161616342,0.006653119221556118,8.55092991379641,0.4995864224083193
204,0,-17.739866126952386,0.016548788553594984,0.00031245846727703553,0.45581859172609585,0.32940927097233097
204,12,-18.034489334109924,0.015480163294454457,0.0005263059064824692,0.3320117876342371,0.3404001388483886
204,24,-18.288507462932888,0.014613553643547062,0.0005771283694803469,0.20736483423067834,0.3455419180020257
204,36,-17.634747807449212,0.01694735762712569,0.002251419185368768,0.4768970696136985,0.40005697828221687
204,48,-17.544841867122386,0.01729572058531739,0.0007274772404467354,0.4052754608340319,0.47888720009977503
204,60,-10.079016466318125,0.0894165868902039,0.01536381227461084,5.671075568790844,0.49874828926879167
204,72,-12.258380830459165,0.05611524808192474,0.01748578353879866,4.344787107624661,0.4929781257575355
204,84,-15.652657708141831,0.02648956581234611,0.017146284187413357,1.3544257326314597,0.5220967815864095
204,96,-12.952871393309529,0.048222349168658446,0.01010760414574291,4.672961804299113,0.507946039909881
204,108,-6.560628141378854,0.18084389701668413,0.014322737560445732,9.492428811651864,0.48270795722773197
216,0,-18.015458390951245,0.015547089835525675,0.0003754113958767428,0.3210269678467416,0.32476189026127145
216,12,-18.07022427680922,0.01535525871538229,0.0004981697611636195,0.33959842576463617,0.3636780672122406
216,24,-16.711397381447142,0.020878384915599457,0.0021087086887497945,0.8975020963006914,0.3805913835923026
216,36,-13.243282357673184,0.045244314988045806,0.009279583212142905,2.081778028430453,0.4348559136234539
216,48,-17.445856233553833,0.0176874037558596,0.0007109648066497415,0.44816268019095445,0.47683158697060657
216,60,-14.121989213867835,0.03726555462115292,0.009280530241800084,3.007491539264449,0.5248089423973034
216,72,-15.738734448237627,0.025983221368004503,0.0320219030325938,1.9411274676926178,0.5191501016086786
216,84,-13.189147662771317,0.04578583038207441,0.016646524442875753,3.308592560705395,0.5197381602221816
216,96,-13.50083138040196,0.04275057647893563,0.02382504059361833,5.993826702489526,0.48284269371025035
228,0,-17.97066794654556,0.01570573124930359,0.0003722689520282536,0.36109393499940795,0.3481004034301336
228,12,-16.666045768180883,0.02109292890346,0.0015548238445360026,1.1111636998288161,0.3931946375684182
228,24,-12.421939209312002,0.05415352469641114,0.005109792830227393,2.483514294533151,0.43184304282120145
228,36,-13.658473517896507,0.04128954633242248,0.005400876494620269,1.9377300975871157,0.43267795322047287
228,48,-18.028655367213055,0.015500649538958751,0.00017139869236916074,0.248091480247529,0.4877276003579416
228,60,-15.869324736646625,0.025232969229637223,0.015322974759464215,1.4231298044895953,0.5251299282429779
228,72,-13.765669040744905,0.04032347639927455,0.014743297508245478,4.159088536691054,0.4994740410634715
228,84,-15.892952779945572,0.0250994969024413,0.046171308046999225,3.2091294759408435,0.49767252635318293
240,0,-16.319920338813578,0.022802902713207646,0.0010124368316214733,1.1971626793175105,0.37760397678077096
240,12,-13.465355730565873,0.04308610996744901,0.0032645873700668953,2.707845374547495,0.43243729821669763
240,24,-13.178141920063597,0.04589667432151927,0.003237552410878966,2.222588381608125,0.42926211310922235
240,36,-14.366471612344045,0.03529768001075826,0.0044038751376654075,1.6747507897208864,0.43556772213609884
240,48,-18.149525688223523,0.0150816090297185,0.0007422174667320847,0.20594868451126205,0.49161158368358304
240,60,-13.451618620563703,0.04321671170888212,0.011055731850667806,3.7716279470584073,0.5218088094985369
240,72,-14.674571586298056,0.032960005626802395,0.03700287654403728,5.0065028072360835,0.47755192573531025
252,0,-12.243453811449708,0.05629757521262955,0.0022271171484136445,2.947948713769264,0.4223561447224008
252,12,-14.255771846603126,0.03617600053978617,0.00226706827521231,2.3054688123939653,0.43454393615170606
252,24,-13.446437018648345,0.043266072456997554,0.0028493332444225663,2.0889404904998887,0.4318489458387743
252,36,-16.777195310089585,0.020570908317453562,0.02447452462560818,0.7794117179593089,0.4382009416180491
252,48,-16.874865713046923,0.020122648831865663,0.0017090765646926485,0.6169520916372052,0.48689829007761776
252,60,-15.578650577767966,0.026932574903604806,0.03379749336271495,4.141609886682024,0.5006989317907931
