-14.036923115418894,-24.333331815575043,nan,-14.036491331377759,-24.330813251537133,nan,2.5588677738409062,2.5614428708919884e-06
-14.036923295398305,-24.333332865433707,nan,-14.036754003558624,-24.332345368903905,nan,7.3937510017898145,2.0455167134089168e-07
-14.036916552064625,-24.333293530145962,nan,-14.03640160100502,-24.330289892404362,nan,0.15009151844048926,1.4671350926322334e-05
-14.036923367718417,-24.333333287292508,nan,-14.036841535720072,-24.33285594810375,nan,6.6116671561213645,2.5560015597285458e-08
-14.036923375492092,-24.33333333263803,nan,-14.036918706499147,-24.33330609741033,nan,7.076585533208092,6.689624984738129e-09
-14.036923375507882,-24.333333332730135,nan,-14.036469378998856,-24.330685211640652,nan,7.894186053404626,1.179527609521677e-09
-14.036738295632283,-24.33225374492246,nan,-14.036734108442797,-24.332229321196206,nan,0.006054254155296733,3.186293616228134e-05
-14.036461524009678,-24.330639396626527,nan,-14.036417936122124,-24.330385167395658,nan,0.010232777061487923,1.618555071863148e-05
-14.03692337554048,-24.333333332920287,nan,-14.036781660228817,-24.332506690445175,nan,7.880447993379965,5.384857291958508e-10
-14.036846948358342,-24.33288752061427,nan,-14.036732686307298,-24.33222102593615,nan,0.007737466984931686,5.944915550993107e-06
-14.036923309979347,-24.333332950488074,nan,-14.036809797314652,-24.33267081530834,nan,1.4358530923665636,6.006265805894658e-07
-14.036861243351908,-24.33297090506312,nan,-14.036596781549427,-24.331428311397694,nan,0.17116160008347917,5.431615552001575e-06
-14.036923299184373,-24.333332887518665,nan,-14.036458937735372,-24.33062431193974,nan,7.8572575085657235,1.4985461436559077e-07
-14.036854396818192,-24.332930968358898,nan,-14.036854395252767,-24.33293095922758,nan,6.48317403697834e-07,1.4996042265575066e-06
-14.03681646649439,-24.33270971708391,nan,-14.036768799018324,-24.332431670791003,nan,0.6923114203748248,5.617760503510687e-05
-14.036923375611284,-24.3333333333333,nan,-14.036530751417455,-24.331043175295626,nan,7.89473681289741,4.316943658287195e-14
-14.03692337561129,-24.33333333333334,nan,-14.036491261354113,-24.330812843114753,nan,7.894736842105264,1.299418704768379e-23
-14.03692337561129,-24.33333333333334,nan,-14.036840724001628,-24.332851213264753,nan,7.894736842105262,4.379515662039915e-25
-14.036923255071105,-24.333332630196466,nan,-14.03658470560049,-24.33135787517936,nan,7.843780692303353,2.515971737522123e-07
-14.036923375606676,-24.333333333306424,nan,-14.03676091584269,-24.33238568820656,nan,7.894583001499786,2.0100137603125962e-10
-14.036847435173383,-24.332890360261537,nan,-14.036847315474905,-24.332889662046732,nan,1.965348631460716e-08,1.3978445317759964e-06
-14.036923349421105,-24.33333318056034,nan,-14.036741567594307,-24.33227283017611,nan,3.9824993690102444,1.2101985245726839e-06
-14.036906475042763,-24.333234748865703,nan,-14.036905440829738,-24.333228716102386,nan,0.06087228500644745,5.2049756335753e-06
-14.036923375092103,-24.333333330304807,nan,-14.036790720274793,-24.332559537977037,nan,7.894194561875864,1.015080570150596e-09
-14.036923347500103,-24.333333169354727,nan,-14.036703079160493,-24.33204832923805,nan,7.881519069992316,5.6310160428545345e-08
-14.036923375610826,-24.333333333330632,nan,-14.036828559705656,-24.332780257753857,nan,7.893498086769155,4.4861765808255136e-10
-14.036923375357468,-24.333333331852742,nan,-14.036728125821899,-24.3321944248237,nan,7.894534373994408,4.939087504779037e-10
-14.036923375611288,-24.333333333333325,nan,-14.036537190332696,-24.331080731508674,nan,7.894736842105263,1.637073422454967e-22
-14.036481820618746,-24.330757778809147,nan,-14.03648181736229,-24.33075775981546,nan,1.4531219166664896e-06,8.191224069478014e-05
-14.036923284206171,-24.33333280014758,nan,-14.036371145844539,-24.330112262853227,nan,7.88636692229301,1.7359631631086318e-07
-14.036923375610666,-24.333333333329698,nan,-14.036796329526883,-24.33259225697538,nan,7.8947366624912885,1.1394269227916654e-12
-14.03683606739017,-24.3328240507778,nan,-14.036208959646865,-24.329166333752823,nan,5.567533679088794,0.00012899423596121878
-14.036906765686918,-24.333236444249174,nan,-14.03673119015961,-24.33221229896886,nan,4.44822051616575,1.8829281533429648e-05
-14.036923375611284,-24.3333333333333,nan,-14.036797497995138,-24.33259907270413,nan,7.894736813362167,1.0552078635712878e-14
-14.036923375611288,-24.333333333333325,nan,-14.036511572624214,-24.330931311620812,nan,7.894736842098697,1.2869447433864651e-17
-14.036698510632352,-24.33202168139434,nan,-14.036690442424877,-24.331974620281347,nan,0.038855416295490164,5.91070517100564e-05
-14.036256797279535,-24.329445336613503,nan,-14.036240957690536,-24.329352955225122,nan,0.03130656899271622,0.00021290312027060675
-14.036923375611288,-24.333333333333325,nan,-14.036680480882772,-24.33191651564201,nan,7.894736841793805,9.522038160133824e-16
-14.036923375594819,-24.333333333237256,nan,-14.036706592324384,-24.332068821249155,nan,7.894719891206873,3.965359414553743e-11
-14.036923375611288,-24.333333333333325,nan,-14.036911531552736,-24.33326424448079,nan,7.894736777324246,1.7551293630909457e-15
-14.036923375611288,-24.333333333333325,nan,-14.036774703739518,-24.332466113100104,nan,7.894736841988755,2.7716156941624265e-16
-14.03692337561129,-24.33333333333334,nan,-14.036731476989386,-24.332213972034786,nan,7.894736842105261,3.68476474255765e-21
-14.036923300274236,-24.33333289387606,nan,-14.036814287421173,-24.33269700639618,nan,7.3620571136054735,1.4348083378587732e-07
-14.036910333739435,-24.33325725739761,nan,-14.03666529299771,-24.33182792654412,nan,0.14674377358303595,2.830445653153069e-06
-14.036923375567103,-24.333333333075586,nan,-14.03663680672586,-24.33166177039886,nan,7.8946866223293,9.765270321522064e-11
-14.036289044280675,-24.329633412151903,nan,-14.036525736750843,-24.33101392632553,nan,0.010257982252968447,4.478943357470414e-06
-14.036820396429308,-24.332732640687517,nan,-14.036333035967157,-24.329889988963682,nan,0.028244765752651023,1.4469407778864518e-06
-14.036923375611268,-24.333333333333208,nan,-14.036810526891934,-24.332675070978965,nan,7.894736785633752,5.5741379040271635e-14
-14.036904968264361,-24.333225959538197,nan,-14.036904950368774,-24.333225855149824,nan,1.1826405557775051e-05,1.5333781992102916e-06
-14.036544509106385,-24.331123419733167,nan,-14.036544485030337,-24.33112327930464,nan,9.392312500634679e-07,9.955055042724629e-06
