Day number,Calanoids,Rotifers,Nanophytoplankton,Picophytoplankton
0,1.00958,1.66577,0.57053,1.00057
3.35,1.18780,1.78277,0.66797,1.18451
6.70,1.22684,1.59081,0.67847,1.11020
10.05,0.86242,1.32903,0.64200,1.18569
13.40,0.69007,1.07144,0.62927,0.99645
16.75,0.68257,0.67955,0.70884,0.43902
20.10,0.63386,0.55372,1.00814,0.42025
23.45,0.61960,0.32950,1.58222,0.41985
26.80,0.52094,0.38669,1.96918,0.37215
30.15,0.52338,1.20814,1.84764,0.35435
33.50,0.63168,2.12309,1.32934,0.35243
36.85,0.66680,1.90488,0.77411,0.32966
40.20,0.65196,1.24520,0.63413,0.40384
43.55,0.65644,0.48668,0.78477,0.47621
46.90,0.73396,0.20882,0.83769,0.42153
50.25,0.87355,0.26735,0.85907,0.41128
53.60,0.91799,0.27297,1.01900,0.41766
56.95,1.05307,0.31221,1.31273,0.41888
60.30,1.38337,0.63585,1.67174,0.38579
63.65,1.71919,1.12386,1.43003,0.44515
67.00,1.93318,1.06420,0.35355,0.47183
70.35,1.52408,1.01624,0.27913,0.59153
73.70,1.13105,0.91291,0.47103,0.71058
77.05,0.74471,0.77784,0.51085,0.66739
80.40,0.55094,0.74979,0.46491,0.70466
83.75,0.38695,0.74655,0.62412,0.70481
87.10,0.37040,0.79763,1.06559,0.68158
90.45,0.42288,0.81234,1.06252,0.76120
93.80,0.61053,0.73901,1.32052,0.70484
97.15,0.64039,0.56887,1.69246,0.70798
100.50,0.79302,0.38657,1.80219,0.79651
103.85,0.93530,0.47073,1.86688,0.88767
107.20,1.04241,0.49653,1.79136,0.90174
110.55,1.18366,0.40345,1.66116,1.02399
113.90,1.34675,0.36734,1.62001,1.41182
117.25,1.50575,0.44929,1.61119,0.97589
120.60,1.52712,0.39012,1.21115,0.87332
123.95,1.67613,0.21290,0.59902,0.35426
127.30,1.85022,0.21282,0.20747,0.83790
130.65,1.36716,0.22713,0.43317,0.64519
134.00,0.94354,0.25292,0.64771,1.08374
137.35,0.82290,0.23459,0.79851,0.93794
140.70,0.79041,0.10012,0.56351,1.17852
144.05,0.77512,0.00000,0.76930,1.15491
147.40,0.76951,0.00000,0.68350,0.88209
150.75,0.66011,0.00000,0.57510,1.24516
154.10,0.60517,0.14045,0.54999,1.44794
157.45,0.60474,0.20019,0.47804,1.33029
160.80,0.59102,0.31911,0.50647,1.24702
164.15,0.63006,0.57785,0.49078,1.27247
167.50,0.71139,0.73804,0.20047,1.37612
170.85,0.72251,0.75094,0.00000,1.52956
174.20,0.80657,0.83968,0.00000,1.35204
177.55,0.79081,0.75460,0.14404,1.53692
180.90,0.74321,0.59166,0.43778,1.66928
184.25,0.75911,0.58470,0.60203,1.53714
187.60,0.88613,0.63169,0.48675,1.15564
190.95,0.91154,0.68618,0.76668,1.44927
194.30,0.89676,0.75400,0.79098,1.51433
197.65,0.81779,0.84011,0.56663,1.30351
201.00,0.77899,0.72701,0.56013,1.05178
204.35,0.81297,0.70077,0.54274,0.75575
207.70,0.75807,0.69685,0.53149,1.85852
211.05,0.74480,0.77699,0.51469,1.55472
214.40,0.72684,0.72510,0.43798,1.56970
217.75,0.56786,0.80630,0.48262,0.78053
221.10,0.61627,0.77480,0.46004,0.42628
224.45,0.79966,0.68993,0.33154,0.79776
227.80,0.83970,0.62472,0.59946,0.72786
231.15,0.93715,0.62820,0.58745,0.65744
234.50,0.87147,0.57055,0.39075,1.50280
237.85,0.74848,0.46692,0.36061,1.37270
241.20,0.81114,0.42610,0.37406,0.73854
244.55,0.83144,0.43637,0.26729,0.30737
247.90,0.82524,0.43472,0.38311,1.06776
251.25,0.89686,0.54374,0.41408,1.18366
254.60,0.88642,0.68857,0.27758,0.95441
257.95,0.84642,0.68199,0.59111,0.62151
261.30,0.80535,0.64057,0.76964,0.49012
264.65,0.79945,0.58572,0.71516,0.46163
268.00,0.78835,0.54807,0.49523,0.38592
271.35,0.72526,0.58405,0.60834,0.61629
274.70,0.76577,0.59743,0.40222,0.69111
278.05,0.88822,0.45979,0.59859,0.59453
281.40,0.96987,0.37448,0.60882,0.64960
284.75,0.89323,0.30738,0.54075,0.61861
288.10,0.87770,0.25292,0.26722,0.73782
291.45,0.89731,0.25402,0.31752,0.88973
294.80,0.87340,0.27973,0.62890,1.11665
298.15,0.87610,0.25277,0.35726,1.27491
301.50,0.69965,0.22283,0.40739,0.89304
304.85,0.68225,0.12361,0.45496,0.75414
308.20,0.82564,0.17129,0.21341,0.71167
311.55,0.87896,0.18712,0.30400,0.64054
314.90,0.87077,0.21154,0.39501,0.67108
318.25,0.86969,0.27610,0.42111,0.72733
321.60,0.91380,0.18884,0.25436,0.81799
324.95,0.90663,0.19215,0.51268,0.81796
328.30,0.86685,0.21131,0.53566,0.83470
331.65,0.89725,0.20122,0.48953,1.15717
335.00,0.90772,0.15039,0.50454,0.93532
338.35,0.90652,0.17724,0.54319,0.53499
341.70,0.95595,0.14282,0.44014,0.49454
345.05,0.89132,0.09057,0.38120,1.05043
348.40,0.74348,0.00000,0.29891,1.25868
351.75,0.78088,0.00000,0.36073,1.14319
355.10,0.86611,0.00000,0.41764,0.62669
358.45,0.77334,0.00000,0.31034,0.77057
361.80,0.78416,0.00000,0.23768,0.29666
365.15,0.76663,0.00000,0.19282,0.34679
368.50,0.79697,0.00000,0.27820,0.49405
371.85,0.74356,0.00000,0.56149,0.86760
375.20,0.71909,0.06580,0.59277,0.83547
378.55,0.65229,0.21998,0.59825,0.61667
381.90,0.74870,0.25174,0.74591,0.99652
385.25,1.09581,0.30635,0.99768,1.00191
388.60,1.18019,0.33631,0.80517,1.18142
391.95,1.46027,0.31959,0.49882,1.15402
395.30,1.33323,0.31892,0.55256,1.19873
398.65,1.37429,0.31818,0.57009,1.40737
402.00,1.00605,0.28856,0.57794,1.41130
405.35,0.82139,0.39753,0.67783,0.85294
408.70,0.90425,0.53488,0.81716,1.03917
412.05,1.03984,0.88742,0.83989,0.87352
415.40,1.25595,1.14354,0.77732,0.80598
418.75,1.24469,1.01940,0.62882,0.77086
422.10,1.01148,0.92373,0.64380,0.77167
425.45,0.67019,1.00834,0.70071,0.82797
428.80,0.41159,0.90395,0.66730,0.43247
432.15,0.39135,0.67416,1.08593,0.32743
435.50,0.37442,0.90194,1.30735,0.30719
438.85,0.40058,1.44190,0.61267,0.45737
442.20,0.42608,2.36926,0.99840,0.53997
445.55,0.44119,2.48615,0.58675,0.58825
448.90,0.57088,1.42670,0.15534,0.63002
452.25,0.53609,1.26203,0.26552,0.42437
455.60,0.57844,0.94442,0.25071,0.37466
458.95,0.58920,0.65597,0.55200,0.57090
462.30,0.83018,0.45387,0.67616,0.54772
465.65,0.88337,0.32813,1.07039,0.47964
469.00,1.07872,0.30905,1.28063,0.29620
472.35,1.22375,0.31926,1.39533,0.00000
475.70,1.34418,0.32775,1.40576,0.00000
479.05,1.45661,0.33064,0.83744,0.00000
482.40,1.40586,0.30069,0.37149,0.00000
485.75,1.44828,0.28006,0.49033,0.00000
489.10,1.37920,0.40584,0.68305,0.00000
492.45,1.16155,0.34431,0.39030,0.00000
495.80,1.07185,0.27072,0.71354,0.40900
499.15,1.03464,0.21749,0.66770,0.67897
502.50,1.03912,0.28053,0.83959,0.70194
505.85,1.08630,0.42680,0.83946,0.55862
509.20,0.96553,0.45209,0.83929,0.42894
512.55,1.10435,0.39195,0.84245,0.69729
515.90,1.34029,0.30098,0.83866,0.35571
519.25,1.26093,0.30224,0.70922,0.34992
522.60,1.30945,0.35494,0.83604,0.21316
525.95,1.27221,0.30081,0.70821,0.24910
529.30,1.26759,0.30047,0.59579,0.27389
532.65,1.17415,0.28041,0.70358,0.29552
536.00,0.99128,0.30077,0.70516,0.12940
539.35,0.93447,0.25993,0.66862,0.10384
542.70,0.95386,0.26568,0.86854,0.17891
546.05,1.01678,0.25772,1.09794,0.27429
549.40,1.07305,0.30743,1.04742,0.34452
552.75,1.05199,0.35823,1.32863,0.35025
556.10,1.20957,0.44206,1.20840,0.37941
559.45,1.39832,0.47940,0.84828,0.42864
562.80,1.53735,0.47265,0.49505,0.50000
566.15,1.54148,0.50255,0.58917,0.64721
569.50,1.00918,0.48735,0.47458,0.65705
572.85,0.96881,0.35487,0.99103,0.50185
576.20,0.95207,0.27277,1.12927,0.37473
579.55,0.92907,0.23673,1.38846,0.28632
582.90,1.13211,0.36575,1.59264,0.31023
586.25,1.51790,0.40371,1.45569,0.21016
589.60,1.75844,0.41692,0.72737,0.20738
592.95,1.78639,0.36926,0.50153,0.29669
596.30,1.39126,0.28644,0.35286,0.25304
599.65,0.92733,0.48015,0.35288,0.40069
603.00,0.55984,0.27990,0.35352,0.51847
606.35,0.52858,0.25795,0.65922,0.49487
609.70,0.45320,0.21007,0.69984,0.42769
613.05,0.32847,0.30129,0.49282,0.32374
616.40,0.28884,0.28260,0.47617,0.25212
619.75,0.65622,0.22215,1.11387,0.33602
623.10,0.52009,0.25614,1.18899,0.35184
626.45,0.36907,0.30320,1.10328,0.35251
629.80,0.50990,0.27849,0.80811,0.28635
633.15,0.47685,0.22747,0.69962,0.21251
636.50,0.20300,0.12318,0.65779,0.23542
639.85,0.16080,0.00000,0.68486,0.28307
643.20,0.14757,0.00000,0.69153,0.28573
646.55,0.07267,0.19234,0.68836,0.22835
649.90,0.09131,0.24443,0.82158,0.26360
653.25,0.15669,0.22171,0.99979,0.33536
656.60,0.16731,0.24266,0.99968,0.25481
659.95,0.11738,0.30726,0.94157,0.31916
663.30,0.00000,0.28117,0.79626,0.34355
666.65,0.00000,0.19357,0.85006,0.29306
670.00,0.00000,0.00000,0.70629,0.21022
673.35,0.00000,0.00000,1.72262,0.20791
676.70,0.00000,0.00000,2.10864,0.18080
680.05,0.00000,0.00000,1.67862,0.17706
683.40,0.00000,0.00000,1.68006,0.17674
686.75,0.00000,0.00000,1.98075,0.16637
690.10,0.00000,0.00000,1.77000,0.17516
693.45,0.00000,0.00000,1.46599,0.15503
696.80,0.00000,0.00000,0.86914,0.09128
700.15,0.00000,0.00000,0.00000,0.00000
703.50,0.00000,0.00000,0.00000,0.00000
706.85,0.00000,0.00000,0.00000,0.00000
710.20,0.51393,0.59641,0.00000,0.00000
713.55,0.64166,0.74083,0.00000,0.00000
716.90,0.75775,1.01483,0.00000,0.00000
720.25,0.88154,1.24231,0.35535,0.00000
723.60,0.90433,1.62788,0.56062,0.25673
726.95,1.01194,1.86707,0.73831,0.38799
730.30,1.22209,1.79196,0.83792,0.50198
733.65,0.89890,1.63425,0.70490,0.58779
737.00,0.87089,1.48222,0.68947,0.45428
740.35,0.75312,1.54039,0.52182,0.00000
743.70,0.84267,1.44086,0.40616,0.00000
747.05,0.77099,1.11437,0.35473,0.00000
750.40,0.79350,1.24286,0.28952,0.00000
753.75,0.71633,1.03577,0.08654,0.00000
757.10,0.57031,1.29340,0.00000,0.00000
760.45,0.63143,1.44636,0.00000,0.00000
763.80,0.69756,1.87754,0.00000,0.00000
767.15,0.69802,1.90071,0.00000,0.00000
770.50,0.82937,1.56901,0.00000,0.00000
773.85,0.82033,1.44603,0.00000,0.00000
777.20,0.81746,1.23956,0.43767,0.36764
780.55,0.86916,1.35354,0.56202,0.47210
783.90,0.95529,1.12451,0.34187,0.28717
787.25,1.05755,1.17822,0.37139,0.41811
790.60,1.08762,1.39415,0.44788,0.59698
793.95,0.73743,1.15429,0.36106,0.39781
797.30,0.58485,1.10308,0.34712,0.41387
800.65,0.56053,1.15059,0.46492,0.48079
804.00,0.49476,1.18976,0.49875,0.44761
807.35,0.58717,1.02044,0.55273,0.48071
810.70,0.49809,0.98351,0.74529,0.58391
814.05,0.45458,0.90367,0.80886,0.69457
817.40,0.42138,1.03518,0.66429,0.56643
820.75,0.51956,1.10791,1.16863,0.42521
824.10,0.59112,1.00679,0.87686,0.35125
827.45,0.62403,1.00575,0.84954,0.29829
830.80,0.92607,0.95793,0.76361,0.29679
834.15,0.81419,0.65122,0.65507,0.25556
837.50,1.21411,0.58811,0.48120,0.22595
840.85,1.06207,0.40165,0.62782,0.99321
844.20,1.00313,0.39697,0.41492,0.51802
847.55,1.06699,0.35470,0.49074,0.57580
850.90,1.15880,0.43149,0.42350,0.13369
854.25,0.96182,0.40022,0.35441,0.13949
857.60,1.07252,0.36262,0.41749,0.17353
860.95,0.95996,0.27479,0.41984,0.20174
864.30,0.87001,0.21904,0.42203,0.28992
867.65,1.03030,0.00000,1.02523,0.25374
871.00,0.82565,0.00000,0.52580,0.23218
874.35,0.80742,0.00000,0.44767,0.16280
877.70,0.80588,0.00000,0.31908,0.13556
881.05,0.73364,0.04405,0.35299,0.12466
884.40,0.64872,0.25895,0.33585,0.09643
887.75,0.72066,0.25114,0.25124,0.10432
891.10,0.73367,0.22195,0.27503,0.12638
894.45,0.65541,0.23515,0.36794,0.18136
897.80,0.75973,0.23567,0.45902,0.20649
901.15,0.84461,0.27689,0.49914,0.21280
904.50,0.84180,0.30261,0.49843,0.18706
907.85,0.76224,0.28296,0.49778,0.39470
911.20,0.91573,0.25273,0.57449,0.25150
914.55,0.89405,0.30563,0.39434,0.31483
917.90,0.85161,0.47589,0.48476,0.35257
921.25,0.91032,0.59166,0.58794,0.33522
924.60,0.95622,0.56886,0.56304,0.20260
927.95,0.94779,0.48002,0.70660,0.20978
931.30,1.04978,0.42018,0.19638,0.17253
934.65,0.78187,0.22012,0.20954,0.06744
938.00,0.89006,0.20767,0.20953,0.07447
941.35,1.01574,0.18284,0.24764,0.06557
944.70,0.93989,0.06586,0.23801,0.02362
948.05,0.80703,0.00000,0.80022,0.15848
951.40,0.86835,0.00000,0.85299,0.26931
954.75,1.07806,0.28553,1.14771,0.40203
958.10,1.19676,0.30845,1.07405,0.31739
961.45,1.18262,0.31886,1.31912,0.45432
964.80,1.48323,0.34858,1.32287,0.45372
968.15,1.42861,0.42376,0.78195,0.32235
971.50,1.41846,0.42084,0.34089,0.35190
974.85,1.40437,0.37236,0.29546,0.33788
978.20,1.33228,0.30070,0.23985,0.17483
981.55,1.40674,0.16038,0.20991,0.26055
984.90,1.42331,0.00000,0.30146,0.31089
988.25,1.37595,0.00000,0.42008,0.40665
991.60,1.27886,0.00000,0.41956,0.58169
994.95,1.28844,0.00000,0.37139,0.70641
998.30,1.31774,0.00000,0.38156,0.77885
1001.65,1.33401,0.00000,0.59314,0.97817
1005.00,1.31133,0.00000,0.59360,1.02527
1008.35,1.21886,0.07847,0.61001,1.18593
1011.70,1.27747,0.22448,0.70584,1.00077
1015.05,1.34107,0.27331,0.68003,1.22656
1018.40,1.71213,0.26352,0.40223,1.04802
1021.75,1.73442,0.24718,0.41940,0.52640
1025.10,1.73337,0.29470,0.30018,0.43874
1028.45,1.74080,0.43739,0.20269,0.22355
1031.80,1.49096,0.52111,0.28498,0.59170
1035.15,1.25510,0.51994,0.27257,0.77958
1038.50,1.15655,0.44317,0.36125,0.67826
1041.85,1.06867,0.21222,0.49867,0.59320
1045.20,0.92380,0.20767,0.42930,0.51684
1048.55,0.83356,0.22150,0.37221,0.47533
1051.90,0.80195,0.27326,0.36479,0.49129
1055.25,0.76921,0.29369,0.34974,0.49890
1058.60,0.66477,0.26350,0.26473,0.58792
1061.95,0.57104,0.00000,0.25637,0.68066
1065.30,0.84517,0.06060,0.37902,0.35229
1068.65,0.87407,0.18718,0.33233,0.36247
1072.00,0.89544,0.20371,0.30060,0.37824
1075.35,0.91463,0.13625,0.32964,0.39798
1078.70,1.02533,0.28091,0.12423,0.62682
1082.05,1.09324,0.24361,0.32729,0.72127
1085.40,1.11621,0.32318,0.49364,0.81845
1088.75,1.17073,0.52220,0.23902,0.99154
1092.10,1.18178,0.74479,0.17199,1.01896
1095.45,1.09511,0.91062,0.15196,1.00932
1098.80,0.89124,0.91330,0.77190,0.57201
1102.15,0.95428,1.14232,0.47223,0.31581
1105.50,0.75601,0.90269,0.28572,0.23924
1108.85,0.58298,0.72286,0.22492,0.13866
1112.20,0.46972,0.44746,0.27372,0.16136
1115.55,0.56771,0.53870,0.30328,0.19727
1118.90,0.79052,0.55162,0.34320,0.24296
1122.25,0.75232,0.54125,0.31229,0.32927
1125.60,0.74180,0.51840,0.28584,0.30777
1128.95,0.95298,0.53343,0.29682,0.48379
1132.30,0.97492,0.51079,0.32292,0.53141
1135.65,0.88004,0.40503,0.32489,0.33602
1139.00,0.84353,0.43483,0.25217,0.31708
1142.35,0.59276,0.38770,0.39912,0.63746
1145.70,0.68907,0.59004,0.51203,0.80023
1149.05,0.95802,0.64689,0.15590,0.65535
1152.40,1.04016,0.65158,0.24063,0.46275
1155.75,1.00511,0.60405,0.16918,0.40688
1159.10,0.98785,0.51448,0.15509,0.35989
1162.45,1.00359,0.43772,0.40802,0.35336
1165.80,0.88385,0.39159,0.25741,0.35261
1169.15,0.92308,0.20383,0.24976,0.33093
1172.50,0.84880,0.07414,0.25091,0.22979
1175.85,0.78695,0.00000,0.34759,0.59136
1179.20,0.67501,0.00000,0.54118,0.59269
1182.55,0.62139,0.00000,1.16856,0.75067
1185.90,0.81921,0.19730,0.77950,0.56476
1189.25,0.89354,0.20767,0.23988,0.68327
1192.60,0.93936,0.22867,0.19359,0.60209
1195.95,0.95235,0.28513,0.31460,0.32802
1199.30,1.03324,0.62935,0.29068,0.91398
1202.65,1.00844,0.90333,0.24515,1.33335
1206.00,0.80276,1.25977,0.00000,0.99989
1209.35,0.91420,1.47135,0.13297,0.26126
1212.70,0.78896,1.43354,0.20311,0.00000
1216.05,0.52761,1.09694,0.21166,0.00000
1219.40,0.39871,0.88166,0.19209,0.28356
1222.75,0.39673,0.81380,0.22281,0.37303
1226.10,0.55090,0.87280,0.35267,0.00000
1229.45,0.63329,0.85834,0.22718,0.00000
1232.80,0.84016,0.77049,0.51734,0.00000
1236.15,0.89505,0.71367,0.70375,0.00000
1239.50,0.87448,0.66130,0.17978,0.00000
1242.85,1.16510,0.54514,0.24638,0.00000
1246.20,0.93670,0.55732,0.41903,0.08353
1249.55,0.98536,0.66212,0.18173,0.28370
1252.90,1.05012,0.55086,0.20973,0.17795
1256.25,0.98993,0.33091,0.23945,0.66469
1259.60,0.95630,0.31215,0.37393,0.80394
1262.95,1.02010,0.27015,0.30023,1.01198
1266.30,1.12868,0.24697,0.24898,1.35895
1269.65,1.13653,0.17717,0.24975,1.40963
1273.00,1.06021,0.17243,0.36752,1.21143
1276.35,1.19577,0.35334,0.52653,1.16141
1279.70,1.13434,0.55803,0.67813,1.14395
1283.05,0.96982,0.72751,0.68874,1.08106
1286.40,1.07309,1.04242,0.67036,0.93086
1289.75,1.16448,1.12841,0.61457,0.63333
1293.10,1.14085,0.84205,0.48059,0.68459
1296.45,1.13156,0.36864,0.47909,0.91874
1299.80,1.09648,0.24070,0.43008,0.97813
1303.15,0.91270,0.15618,0.48812,0.79086
1306.50,0.76858,0.30214,0.49012,0.71773
1309.85,0.84799,0.40644,0.29900,0.83018
1313.20,0.74385,0.41423,0.39957,0.69506
1316.55,0.74164,0.78309,0.48990,0.41738
1319.90,0.85260,1.19785,0.34637,0.41178
1323.25,0.55649,1.25062,0.17106,0.39702
1326.60,0.79851,1.11212,0.05615,0.18302
1329.95,0.62253,1.18655,0.54264,0.41912
1333.30,0.70806,1.22862,0.28969,0.22375
1336.65,0.91738,1.48908,0.30095,0.15127
1340.00,0.77689,1.49058,0.34804,0.15127
1343.35,0.87382,1.33543,0.28740,0.08912
1346.70,0.71783,1.23367,0.19977,0.00000
1350.05,0.59782,1.15043,0.20223,0.00000
1353.40,0.58646,1.04158,0.24493,0.00000
1356.75,0.35306,1.04253,0.25128,0.00000
1360.10,0.39509,1.23965,0.60226,0.00000
1363.45,0.45330,1.41621,0.69011,0.00000
1366.80,0.43691,1.39853,0.44188,0.00000
1370.15,0.42154,1.20774,0.43058,0.00000
1373.50,0.49175,1.00356,0.46460,0.00000
1376.85,0.49560,0.75487,0.27288,0.14104
1380.20,0.53150,0.75044,0.22227,0.76992
1383.55,0.65563,0.66468,0.24072,0.99744
1386.90,0.70895,0.61366,0.45027,0.99777
1390.25,0.84116,0.57629,0.73818,0.99270
1393.60,0.96472,0.54747,0.30156,0.72096
1396.95,0.91824,0.53535,0.35534,0.99442
1400.30,0.96683,0.62639,0.00000,1.36971
1403.65,0.97702,0.92987,0.00000,1.33807
1407.00,0.87667,1.36273,0.00000,1.41020
1410.35,0.86345,1.52938,0.00000,1.34551
1413.70,0.79749,1.61366,0.00000,1.04471
1417.05,0.54375,1.57587,0.27756,0.64372
1420.40,0.68852,1.46625,0.19515,0.29663
1423.75,0.59786,1.11266,0.08765,0.00000
1427.10,0.67135,0.70904,0.53108,0.00000
1430.45,0.67509,0.51668,0.73624,0.00000
1433.80,0.69854,0.40187,0.59484,0.27826
1437.15,0.82616,0.53925,0.23304,0.84655
1440.50,0.93709,0.80464,0.22997,1.04978
1443.85,0.97128,1.19422,0.18431,0.76291
1447.20,0.88969,1.42726,0.21012,0.41151
1450.55,0.73404,1.43221,0.21044,0.32475
1453.90,0.70945,1.24808,0.28847,0.70183
1457.25,0.65490,1.07467,0.38381,0.99253
1460.60,0.74268,1.08573,0.29456,1.00799
1463.95,0.66560,0.53070,0.23761,1.16144
1467.30,0.83021,0.86593,0.22933,0.96313
1470.65,0.73339,0.86217,0.41584,1.18684
1474.00,0.70134,0.72367,0.29701,1.18571
1477.35,0.70367,0.48953,0.00000,0.57979
1480.70,0.83344,0.38771,0.00000,0.49124
1484.05,0.70298,0.40866,0.25164,0.41723
1487.40,0.61125,0.27427,0.44077,0.23583
1490.75,0.70979,0.20812,0.60368,0.59054
1494.10,0.82245,0.20767,0.51909,0.36657
1497.45,1.06357,0.24419,0.59235,0.60418
1500.80,1.44598,0.21808,0.45002,1.05430
1504.15,1.49841,0.23853,0.28453,1.39213
1507.50,1.49977,0.29187,0.15760,1.74476
1510.85,1.24415,0.22622,0.00000,2.63738
1514.20,1.22907,0.48785,0.00000,2.75863
1517.55,1.39397,0.66946,0.00000,2.34503
1520.90,1.36591,1.03056,0.00000,2.60239
1524.25,1.29130,1.13355,0.00000,2.73733
1527.60,0.84248,1.02952,0.00000,0.56584
1530.95,0.89663,1.04418,0.00000,0.61493
1534.30,0.81421,0.60407,0.00000,0.88646
1537.65,0.82602,0.42143,0.00000,1.22099
1541.00,0.69787,0.44308,0.00000,1.27738
1544.35,0.90217,0.74913,0.00000,0.97960
1547.70,0.89429,1.11881,0.49478,1.18980
1551.05,0.93177,1.48342,0.41940,0.64360
1554.40,0.94439,0.92653,0.59092,0.40092
1557.75,0.90590,1.39226,0.36030,0.11008
1561.10,0.89766,1.15067,0.39873,0.11574
1564.45,0.87330,0.89405,0.49635,0.65847
1567.80,0.75485,0.37253,0.35690,1.12797
1571.15,0.81781,0.62487,0.35336,1.16451
1574.50,0.82120,0.82179,0.29691,1.18169
1577.85,0.71688,1.00669,0.71839,0.99248
1581.20,0.53037,1.37534,0.51352,0.55845
1584.55,0.35899,1.20664,0.51463,0.38438
1587.90,0.38813,1.02765,0.58687,0.37017
1591.25,0.43050,1.11674,0.52757,0.58232
1594.60,0.42249,1.14660,0.34051,0.63380
1597.95,0.45395,0.87682,0.45392,0.55499
1601.30,0.62852,0.65985,1.03682,0.57395
1604.65,0.84041,0.47184,1.76259,0.62916
1608.00,0.98370,0.32921,1.90663,0.69211
1611.35,1.25569,0.20527,1.18374,0.65976
1614.70,1.46776,0.00000,0.36224,0.54434
1618.05,1.57909,0.00000,0.19403,1.85798
1621.40,1.62361,0.00000,0.67709,2.80330
1624.75,1.46918,0.14311,1.09434,2.70149
1628.10,1.42447,0.20922,0.68771,2.81871
1631.45,1.35939,0.20438,0.83795,2.47438
1634.80,1.11876,0.05904,0.80512,2.38785
1638.15,1.01330,0.20746,0.00000,0.82795
1641.50,0.82143,0.09455,0.00000,0.67074
1644.85,1.15693,0.26829,0.39818,0.57713
1648.20,0.68441,0.39242,0.74545,0.29720
1651.55,0.33756,0.39726,1.17279,0.58342
1654.90,0.33739,0.31336,0.78984,0.52084
1658.25,0.32019,0.25285,0.68090,0.58210
1661.60,0.29154,0.22428,0.70600,0.48875
1664.95,0.36199,0.14109,0.77093,0.49655
1668.30,0.34128,0.00000,0.63311,0.71022
1671.65,0.28268,0.21503,0.20276,0.82466
1675.00,0.29793,0.20767,0.70502,0.79405
1678.35,0.31317,0.00000,0.74865,0.64426
1681.70,0.32038,0.20796,0.40803,0.49349
1685.05,0.39314,0.32563,0.34390,0.54996
1688.40,0.77727,0.43322,0.41569,0.70477
1691.75,0.98042,0.59239,1.08406,0.70477
1695.10,0.65196,0.80520,1.59852,0.73544
1698.45,0.67017,0.94043,0.69698,0.83434
1701.80,0.62128,1.06236,0.66381,0.68843
1705.15,0.61305,1.07844,0.58864,0.99710
1708.50,0.48524,0.75594,0.39673,0.37594
1711.85,0.56099,0.58319,0.63202,0.65988
1715.20,0.60525,0.92080,0.49231,0.83757
1718.55,0.52965,0.83029,0.49713,0.75349
1721.90,0.50243,0.82741,0.63800,0.89473
1725.25,0.56612,1.05432,0.50551,1.38373
1728.60,0.62125,1.00051,0.58244,0.80814
1731.95,0.41283,0.76890,1.60450,0.70477
1735.30,0.48620,0.91034,1.07180,0.82355
1738.65,0.60372,0.76550,0.68023,0.76706
1742.00,0.64643,0.00000,0.63309,0.88343
1745.35,0.75413,0.22002,0.46295,0.78423
1748.70,0.63596,0.19648,0.56717,0.56312
1752.05,0.24189,0.20400,0.59219,0.76911
1755.40,0.21535,0.33084,0.49260,0.83017
1758.75,0.15954,0.40084,0.57001,0.78742
1762.10,0.29921,0.34781,0.60299,1.14773
1765.45,0.33590,0.00000,0.55123,1.38444
1768.80,0.21693,0.00000,0.64685,1.15779
1772.15,0.24672,0.00000,0.57489,1.77001
1775.50,0.00000,0.00000,0.39230,2.59930
1778.85,0.00000,0.17670,0.34586,2.18784
1782.20,0.00000,0.30366,0.47492,2.13046
1785.55,0.00000,0.63895,0.59708,2.27618
1788.90,0.00000,1.13629,0.54011,2.06991
1792.25,0.00000,1.54450,0.09281,1.00356
1795.60,0.00000,2.40059,0.28309,0.36543
1798.95,0.00000,1.90023,0.04831,0.49725
1802.30,0.00000,1.36380,0.31701,0.49734
1805.65,0.00000,1.08696,0.35797,0.52047
1809.00,0.00000,1.19883,0.22540,0.77574
1812.35,0.00000,1.25411,0.00000,0.75923
1815.70,0.00000,1.36321,0.24662,0.77675
1819.05,0.00000,1.49386,0.26764,0.75359
1822.40,0.00000,1.49778,0.16402,0.55957
1825.75,0.00000,1.50446,0.26793,0.49734
1829.10,0.00000,1.35393,0.24862,0.67627
1832.45,0.00000,0.80409,0.26411,0.74899
1835.80,0.00000,0.22803,0.37347,1.14243
1839.15,0.00000,0.00000,0.42735,1.63834
1842.50,0.00000,0.19585,0.44975,1.76938
1845.85,0.00000,0.26037,0.45520,1.79985
1849.20,0.00000,0.28925,0.49163,2.01202
1852.55,0.00000,0.73724,0.53600,2.09312
1855.90,0.00000,1.47308,0.64574,1.92651
1859.25,0.11937,1.66754,0.29930,0.44840
1862.60,0.31549,1.88616,0.27664,0.60826
1865.95,0.21792,1.66688,0.04005,1.41226
1869.30,0.10264,1.27666,0.00000,1.90207
1872.65,0.28689,0.91162,0.00000,1.53476
1876.00,0.19571,0.66473,0.00000,1.85939
1879.35,0.08318,0.76912,0.00000,1.83746
1882.70,0.00000,1.29940,0.00000,1.73298
1886.05,0.00000,1.13100,0.00000,1.52953
1889.40,0.00000,1.01036,0.00000,1.42016
1892.75,0.00000,1.12885,0.16153,1.59345
1896.10,0.00000,0.96944,0.11763,1.13845
1899.45,0.00000,0.90858,0.37327,0.47862
1902.80,0.00000,0.87450,0.40610,0.95047
1906.15,0.00000,0.81964,0.39284,1.16924
1909.50,0.00000,0.78925,0.38541,1.27112
1912.85,0.00000,0.88568,0.53012,2.07739
1916.20,0.00000,1.11754,0.43981,2.12609
1919.55,0.00000,1.15420,0.25943,1.71641
1922.90,0.00000,1.09246,0.14157,0.88850
1926.25,0.00000,0.19560,0.29599,0.71029
1929.60,0.00000,0.52186,0.43124,0.71576
1932.95,0.00000,0.50707,0.44300,0.88572
1936.30,0.00000,0.47665,0.46646,1.05756
1939.65,0.00000,0.41383,0.59242,1.21845
1943.00,0.00000,0.37986,0.26626,1.26232
1946.35,0.00000,0.47880,0.35546,1.31585
1949.70,0.00000,0.55820,0.52903,1.31585
1953.05,0.00000,0.61661,0.00000,0.38792
1956.40,0.00000,0.45040,0.00000,0.44335
1959.75,0.00000,0.13032,0.00000,0.46097
1963.10,0.00000,0.23858,0.00000,1.21513
1966.45,0.00000,0.13470,0.00000,2.27140
1969.80,0.00000,0.00000,0.00000,2.47530
1973.15,0.00000,0.00000,0.00000,2.57663
1976.50,0.00000,0.15228,0.00000,2.75733
1979.85,0.00000,0.20907,0.00000,2.84706
1983.20,0.00000,0.31802,0.00000,2.77397
1986.55,0.00000,0.79252,0.00000,2.82980
1989.90,0.26624,1.10849,0.26173,2.87741
1993.25,0.39119,1.25365,0.39564,2.65041
1996.60,0.38089,1.19295,0.43989,2.50277
1999.95,0.05363,0.50318,0.46461,2.41234
2003.30,0.00000,1.22397,0.50624,2.17126
2006.65,0.00000,0.84711,0.52710,1.97572
2010.00,0.00000,1.06616,0.54952,1.55783
2013.35,0.00000,1.16661,0.56289,0.60560
2016.70,0.00000,1.46198,0.56401,0.46398
2020.05,0.00000,0.96054,0.00000,0.00000
2023.40,0.00000,1.27810,0.00000,0.16511
2026.75,0.00000,1.15794,0.00000,0.34621
2030.10,0.00000,1.10683,0.00000,0.19019
2033.45,0.19898,0.99546,0.00000,0.00000
2036.80,0.06842,1.12643,0.00000,0.00000
2040.15,0.00000,1.17558,0.00000,0.50987
2043.50,0.00000,1.00953,0.83007,0.27435
2046.85,0.00000,1.23796,0.86959,0.26390
2050.20,0.00000,1.25776,0.88235,0.18061
2053.55,0.00000,1.12701,0.75064,0.25591
2056.90,0.00000,0.82511,0.78773,0.22827
2060.25,0.00000,0.66006,0.66157,0.55100
2063.60,0.00000,0.56140,0.15964,0.69116
2066.95,0.00000,0.45492,0.11576,0.67963
2070.30,0.00000,0.39960,0.45807,0.56215
2073.65,0.00000,0.33289,0.61780,0.37091
2077.00,0.00000,0.28133,0.72930,0.00000
2080.35,0.00000,0.32054,0.85613,0.35678
2083.70,0.15131,0.40033,0.80847,0.47923
2087.05,0.23694,0.62179,0.67181,0.24197
2090.40,0.00000,0.50340,0.50370,0.43167
2093.75,0.00000,0.45874,0.42407,0.48961
2097.10,0.00000,0.50398,0.21635,0.26896
2100.45,0.00000,0.55217,0.00000,0.46147
2103.80,0.00000,0.47882,0.00000,0.41859
2107.15,0.76969,0.54146,0.28315,0.49520
2110.50,0.36545,0.47609,0.52310,0.46883
2113.85,0.25045,0.53634,0.71066,0.29940
2117.20,0.00000,0.54225,0.52761,0.43262
2120.55,0.00000,0.53728,0.18914,0.62186
2123.90,0.00000,0.42639,0.62334,0.60697
2127.25,0.00000,0.62782,0.80711,0.36239
2130.60,0.00000,0.57763,0.74597,0.48652
2133.95,0.00000,0.49927,0.78135,0.79390
2137.30,0.00000,0.44696,0.96265,0.69288
2140.65,0.00000,0.98930,0.81455,0.43730
2144.00,0.00000,1.15234,0.34297,0.00000
2147.35,0.07988,1.14103,0.33870,0.19256
2150.70,0.22581,0.59066,0.60057,0.55417
2154.05,0.24332,0.43776,0.60987,0.74012
2157.40,0.20650,0.47925,0.46995,0.74330
2160.75,0.31785,0.43060,0.54615,0.48836
2164.10,0.37898,0.53627,0.81890,0.63990
2167.45,0.36731,0.46479,0.84370,0.42127
2170.80,0.39607,0.45550,0.86864,0.48670
2174.15,0.40037,0.49733,0.86878,0.51688
2177.50,0.58417,0.39267,0.89952,0.51789
2180.85,0.60850,0.31206,0.92026,0.54905
2184.20,0.97070,0.29442,0.78077,0.57788
2187.55,1.10626,0.36014,0.39248,0.53459
2190.90,0.87006,0.39145,0.48428,0.82271
2194.25,0.54452,0.35060,0.45223,0.79168
2197.60,0.54679,0.16365,0.41717,0.64852
2200.95,0.59128,0.16592,0.38008,0.71265
2204.30,0.59848,0.19599,0.51592,0.78187
2207.65,0.60036,0.17443,0.47954,0.83731
2211.00,0.55428,0.18179,0.35031,0.79861
2214.35,0.45601,0.19742,0.48271,0.82317
2217.70,0.44296,0.20144,1.02233,1.05503
2221.05,0.43090,0.24192,0.97480,1.18794
2224.40,0.42379,0.39093,0.42006,1.51899
2227.75,0.54409,0.63737,0.00000,1.68345
2231.10,0.58110,1.11249,0.00000,1.61645
2234.45,0.51998,1.34774,0.00000,1.66835
2237.80,0.56259,1.18692,0.00000,1.74631
2241.15,0.46997,1.16291,0.22688,1.53393
2244.50,0.42326,1.29373,0.33702,1.48813
2247.85,0.32436,1.22534,0.29693,1.21178
2251.20,0.31964,0.99370,0.28111,0.74583
2254.55,0.27979,1.05375,0.20312,0.86928
2257.90,0.27307,0.73975,0.42614,0.78656
2261.25,0.26193,0.62216,0.38160,0.85913
2264.60,0.24300,0.43016,0.32537,0.46097
2267.95,0.28529,0.27396,0.82452,0.54876
2271.30,0.26064,0.25282,0.53384,0.62812
2274.65,0.18192,0.19665,0.18544,0.99876
2278.00,0.15481,0.10071,0.42117,1.13033
2281.35,0.07732,0.23916,0.53501,1.01807
2284.70,0.00000,0.17432,0.44708,0.68792
2288.05,0.00000,0.39974,0.45587,0.55040
2291.40,0.00000,0.32948,0.60421,0.67752
2294.75,0.00000,0.00000,0.54105,0.65127
2298.10,0.00000,0.30798,0.44204,0.59145
2301.45,0.00000,0.31170,0.40469,0.52831
2304.80,0.13196,0.27785,0.27577,0.35006
2308.15,0.18027,0.25293,0.17567,0.56683
2311.50,0.17795,0.24140,0.26579,0.88494
2314.85,0.00000,0.25031,0.37544,0.90584
2318.20,0.00000,0.14399,0.47708,0.34897
2321.55,0.11474,0.13376,0.00000,0.46319
2324.90,0.28448,0.16442,0.37696,0.83742
2328.25,0.36852,0.15222,0.62824,0.69513
2331.60,0.03668,0.11331,0.56633,0.58586
2334.95,0.09567,0.09855,0.50703,0.41832
2338.30,0.27925,0.00000,0.61206,0.74161
2341.65,0.13913,0.00000,0.60120,0.55722
2345.00,0.08098,0.09820,0.50164,0.59145
2348.35,0.08098,0.15539,0.23078,0.56494
2351.70,0.17569,0.22114,0.00000,0.56775
2355.05,0.14826,0.23729,0.00000,0.50002
2358.40,0.09299,0.24686,0.00000,0.57467
2361.75,0.00000,0.24759,0.00000,0.59483
2365.10,0.00000,0.24280,0.00000,0.59568
2368.45,0.00000,0.23675,0.00000,0.59691
2371.80,0.19336,0.22935,0.00000,0.60892
2375.15,0.21426,0.23681,0.00000,0.62844
2378.50,0.17616,0.24853,0.00000,0.64258
2381.85,0.00000,0.21691,0.00000,0.64345
2385.20,0.00000,0.11220,0.00000,0.63282
2388.55,0.00000,0.12924,0.00000,0.71081
2391.90,0.00000,0.13883,0.00000,0.78301
2395.25,0.00000,0.16704,0.00000,0.52684
2398.60,0.00000,0.17403,0.00000,0.52085
2401.95,0.00000,0.19736,0.00000,0.62274
2405.30,0.00000,0.20130,0.00000,0.73730
2408.65,0.00000,0.23871,0.29397,0.84124
2412.00,0.00000,0.19640,0.57022,0.46283
2415.35,0.00000,0.16100,0.50510,0.33957
2418.70,0.00000,0.19547,0.49474,0.49574
2422.05,0.00000,0.22175,0.48420,0.41821
2425.40,0.00000,0.21326,0.46299,0.41821
2428.75,0.20381,0.24352,0.42684,0.48882
2432.10,0.12277,0.30505,0.58178,0.70731
2435.45,0.00000,0.34760,0.42390,0.53206
2438.80,0.00000,0.33473,0.49595,1.29458
2442.15,0.00000,0.31616,0.34293,1.42661
2445.50,0.00000,0.24944,0.00000,1.42492
2448.85,0.00000,0.21111,0.00000,1.37538
2452.20,0.00000,0.22423,0.00000,1.11951
2455.55,0.00000,0.22733,0.27194,0.73210
2458.90,0.00000,0.13998,0.58580,1.53595
2462.25,0.00000,0.13701,0.60065,0.54186
2465.60,0.00000,0.13238,0.59157,0.65419
2468.95,0.00000,0.10159,0.58445,0.71827
2472.30,0.10223,0.16409,0.54975,0.75189
2475.65,0.14026,0.17249,0.46760,0.71814
2479.00,0.00000,0.15418,0.54863,0.00000
2482.35,0.08599,0.16098,0.00000,0.00000
2485.70,0.18699,0.17615,0.56993,0.61565
2489.05,0.20296,0.18309,0.42303,0.31434
2492.40,0.11292,0.15183,0.00000,0.00000
2495.75,0.17044,0.17415,0.00000,0.00000
2499.10,0.00000,0.20031,0.60137,0.72076
2502.45,0.00000,0.20709,0.58450,0.67414
2505.80,0.00000,0.21249,0.57028,0.59603
2509.15,0.00000,0.22184,0.57525,0.47503
2512.50,0.00000,0.21909,0.59362,0.44917
2515.85,0.15459,0.28633,0.59918,0.56055
2519.20,0.11050,0.38457,0.59100,0.65293
2522.55,0.00000,0.59835,0.55082,0.65492
2525.90,0.00000,0.76566,0.42088,0.64280
2529.25,0.00000,0.70122,0.45310,1.14901
2532.60,0.00000,0.51165,0.56886,1.56370
2535.95,0.00000,0.43968,0.50230,1.69012
2539.30,0.00000,0.43002,0.00000,1.69471
2542.65,0.00000,0.41675,0.26155,1.59143
2546.00,0.00000,0.45640,0.55754,1.26232
2549.35,0.00000,0.53927,0.70975,0.59632
2552.70,0.08826,0.38260,0.59449,0.62356
2556.05,0.13822,0.38762,0.37281,0.61121
2559.40,0.00000,0.37225,0.00000,0.00000
2562.75,0.00000,0.64600,0.27327,0.40453
2566.10,0.00000,0.80102,0.50784,0.77287
2569.45,0.00000,0.78612,0.52867,0.81666
2572.80,0.00000,0.56149,0.60714,0.49792
2576.15,0.00000,0.57985,0.56676,0.72855
2579.50,0.00000,0.51865,0.52117,0.78583
2582.85,0.00000,0.45457,0.42694,0.84894
2586.20,0.00000,0.44694,0.57591,0.48225
2589.55,0.00000,0.35659,0.53612,0.37323
2592.90,0.00000,0.33381,0.45709,0.43874
2596.25,0.00000,0.36386,0.32257,0.62295
2599.60,0.00000,0.38755,0.47412,0.58988
2602.95,0.00000,0.40870,0.56311,0.50814
2606.30,0.00000,0.43848,0.54691,0.51138
2609.65,0.00000,0.46906,0.48992,0.53886
2613.00,0.00000,0.49787,0.38797,0.51062
2616.35,0.00000,0.56441,0.42852,1.19066
2619.70,0.00000,0.54343,0.46928,1.47425
2623.05,0.00000,0.27322,0.00000,1.45021
2626.40,0.00000,0.21174,0.00000,1.40453
2629.75,0.00000,0.21581,0.17273,1.52114
2633.10,0.05313,0.23936,0.40793,1.54228
2636.45,0.07972,0.22636,0.53273,0.49734
2639.80,0.00000,0.19505,0.42196,0.49734
2643.15,0.00000,0.22619,0.32939,0.49702
2646.50,0.00000,0.20187,0.58043,0.40120
2649.85,0.00000,0.17278,0.50739,0.09403
2653.20,0.00000,0.09821,0.56375,0.14834
2656.55,0.00000,0.11212,0.59936,0.58063
