ZooplanktonSampleCode,Net Type,Sample Date,Station,20mT,20mS,50mT,50mS,SurfTotalChl,50mOxy,AvgOfNH4 (um),AvgOfPO4 (um),AvgOfSi (OH)4 (um),AvgOfNO3 (um),AvgOfNO2 (um)
052196NH05,vertical,05/21/1996,NH05,,,,,,,,,,,
061196NH05,vertical,06/11/1996,NH05,,,,,,,,,,,
071196NH05,vertical,07/11/1996,NH05,,,,,,,,,,,
072596NH05,vertical,07/25/1996,NH05,,,,,,,,,,,
081296NH05,vertical,08/12/1996,NH05,,,,,,,,,,,
082696NH05,vertical,08/26/1996,NH05,,,,,,,,,,,
090596NH05,vertical,09/05/1996,NH05,,,,,,,,,,,
091996NH05,vertical,09/19/1996,NH05,,,,,,,,,,,
100796NH05,vertical,10/07/1996,NH05,,,,,,,,,,,
103196NH05,vertical,10/31/1996,NH05,,,,,,,,,,,
112696NH05,vertical,11/26/1996,NH05,,,,,,,,,,,
121996NH05,vertical,12/19/1996,NH05,,,,,,,,,,,
022497NH05,vertical,02/24/1997,NH05,,,,,,,,,,,
032197NH05,vertical,03/21/1997,NH05,10.15360003,31.58478451,9.985199928,32.12039948,1.360000014,,2.007675886,0.538129866,21.93808174,6.451795578,0.192583293
040497NH05,vertical,04/04/1997,NH05,9.348505068,32.46278496,8.016400337,33.8470993,0.400000006,,,,,,
042597NH05,vertical,04/25/1997,NH05,10.94752502,30.71749001,9.321000099,32.42900085,0.310000002,,,,,,
050597NH05,vertical,05/05/1997,NH05,11.28471494,31.61515999,8.870699883,33.05950165,1.179999948,,,,,,
051597NH05,vertical,05/15/1997,NH05,11.72258005,31.84062004,8.507699966,33.57490158,0.360000014,,,,,,
052897NH05,vertical,05/28/1997,NH05,13.25914507,31.19080477,8.697600365,33.44200134,0.550000012,,,,,,
061197NH05,vertical,06/11/1997,NH05,9.464429951,33.10468998,8.129899979,33.73479843,4.369999886,,,,,,
062797NH05,vertical,06/27/1997,NH05,11.72942004,29.95061979,8.157899857,33.74840164,0.829999983,,0.093069233,0.074615382,21.24169159,0.041307691,0
071597NH05,vertical,07/15/1997,NH05,12.05935001,32.64178486,7.886499882,33.84540176,,,,,,,
071797NH05,vertical,07/17/1997,NH05,9.807434893,33.33785534,7.803500175,33.93149948,,,,,,,
072397NH05,vertical,07/23/1997,NH05,9.584774971,33.21751995,7.951399803,33.81750107,13.5,,,,,,
072997NH05,vertical,07/29/1997,NH05,,,,,15.30000019,,,,,,
073097NH05,vertical,07/30/1997,NH05,9.133166631,33.44322205,7.828700066,33.84719849,4.199999809,,,,,,
073097NH05,vertical,07/30/1997,NH05,9.321205091,33.37719002,7.828700066,33.84719849,4.199999809,,,,,,
080697NH05,vertical,08/06/1997,NH05,10.61618991,33.23301029,7.977600098,33.81209946,1.799999952,,0.100000001,0.509000003,0.559000015,0.015,0
081297NH05,vertical,08/12/1997,NH05,9.55392499,33.17560978,7.834499836,33.83369827,13.5,,,,,,
081497NH05,vertical,08/14/1997,NH05,9.848700047,33.03300991,7.899499893,33.81209946,3.200000048,,0,0.502250016,0.602750003,0.143187493,0
082197NH05,vertical,08/21/1997,NH05,11.28027511,33.53474026,8.131199837,33.75260162,1.00999999,,0.239636362,0.342363626,0.296363622,0.032545455,0
082797NH05,vertical,08/27/1997,NH05,15.47102494,31.94282961,9.553500175,33.45859909,2.368598461,,0.831818163,0.996181846,0.456181824,0.019272728,0
082897NH05,vertical,08/28/1997,NH05,14.95910506,32.52114029,11.67350006,33.50790024,1.881757498,,0,0.392749995,0.315333337,0.08116667,0
090297NH05,vertical,09/02/1997,NH05,17.3387001,32.11678934,10.25510025,33.53990173,0.319999993,,,,,,
090997NH05,vertical,09/09/1997,NH05,15.74107981,32.22548504,9.758199692,33.5705986,0.616094172,,0.0035,0.284249991,0.123999998,0,0
101597NH05,vertical,10/15/1997,NH05,14.80722504,31.53984499,10.74740028,33.1556015,0.85078001,,0.026000001,0.412454545,11.23772717,2.1116364,0.123727269
110397NH05,vertical,11/03/1997,NH05,,,,,0.788980007,,0.221000001,0.517875016,5.233250141,1.740625024,0.066375002
111597NH05,vertical,11/15/1997,NH05,12.38272222,32.48661211,11.94999981,33.07899857,1.27,,0.050000001,0.790000021,8.5,3.75999999,0.180000007
111597NH05,vertical,11/15/1997,NH05,12.38272222,32.48661211,11.94999981,33.07899857,1.16,,0.050000001,0.790000021,8.5,3.75999999,0.180000007
111597NH05,vertical,11/15/1997,NH05,12.38272222,32.48661211,11.94999981,33.07899857,1.16,,0.029999999,0.74000001,8.289999962,3.75999999,0.189999998
111597NH05,vertical,11/15/1997,NH05,12.38272222,32.48661211,11.94999981,33.07899857,1.27,,0.029999999,0.74000001,8.289999962,3.75999999,0.189999998
121297NH05,vertical,12/12/1997,NH05,12.59256001,32.70561981,12.91749954,32.58069992,0.247199997,,,,,,
013098NH05,vertical,01/30/1998,NH05,12.44994741,31.52742095,12.52799988,32.45600128,1.11,,0.01,1.090000033,12.68000031,3.5,0.400000006
030598NH05,vertical,03/05/1998,NH05,11.66542497,31.46923504,11.86859989,32.89379883,0.395520031,,,,,,
031898NH05,vertical,03/18/1998,NH05,11.61085491,32.48912458,10.16919994,33.3348999,0.79309988,,0.469999999,0.319999993,2.380000114,0.280000001,0.01
040598NH05,vertical,04/05/1998,NH05,11.6947,32.00929995,10.47700024,33.01100159,0.73,,0,0.449999988,0.25999999,0.059999999,0
041098NH05,vertical,04/10/1998,NH05,11.71836848,32.04415793,10.90600014,32.76900101,1.63,,0,0.449999988,0.25999999,0.059999999,0
041098NH05,vertical,04/10/1998,NH05,11.71836848,32.04415793,10.90600014,32.76900101,1.59,,0,0.449999988,0.25999999,0.059999999,0
041098NH05,vertical,04/10/1998,NH05,11.71836848,32.04415793,10.90600014,32.76900101,1.63,,0,0.49000001,2.119999886,0.079999998,0
041098NH05,vertical,04/10/1998,NH05,11.71836848,32.04415793,10.90600014,32.76900101,1.59,,0,0.49000001,2.119999886,0.079999998,0
042198NH05,vertical,04/21/1998,NH05,11.82296009,31.50939989,10.12510014,32.98519897,0.311059952,,0.709999979,0.300000012,10.89999962,0.550000012,0.02
042998NH05,vertical,04/29/1998,NH05,10.36548014,32.77818012,8.444000244,33.76169968,1.977599978,,0.720000029,0.910000026,16.76000023,6.929999828,0.219999999
051298NH05,vertical,05/12/1998,NH05,10.49062991,32.47293472,9.455300331,33.29800034,2.554399967,,0.663136005,0.416927993,3.475208044,0.764891982,0.072251998
052798NH05,vertical,05/27/1998,NH05,12.56311007,31.82372999,9.596199989,32.85350037,0.327539951,,0.726523995,0.267257869,7.844634533,0.475386828,0.031902116
060298NH05,vertical,06/02/1998,NH05,11.58946495,31.91002512,8.876899719,33.36489868,0.459380001,,,,,,
061298NH05,vertical,06/12/1998,NH05,10.05140996,32.76669006,8.706700325,33.41749954,7.992799759,,0.789911985,0.864987791,14.35122108,7.820641518,0.196712241
062398NH05,1/2-m,06/23/1998,NH05,9.436430025,33.20532055,8.513299942,33.64830017,7.531593323,,1.018440962,0.296842545,3.23917985,0.840371132,0.054894175
070698NH05,vertical,07/06/1998,NH05,9.575250053,33.01452007,7.953100204,33.75170135,8.446000099,,0.639999986,0.189999998,4.320000172,0.560000002,0.02
072098NH05,vertical,07/20/1998,NH05,10.28491001,32.59840012,8.103300095,33.6875,7.313000202,,0.330188006,0.113167532,1.62555337,0.244051293,0.004512471
072898NH05,vertical,07/28/1998,NH05,,,,,13.80200005,,0.519999981,0.159999996,2.369999886,0.550000012,0.029999999
080698NH05,vertical,08/06/1998,NH05,9.920421098,33.27721024,7.801000118,33.81499863,13.64,,0.620000005,1.320000052,12.06000042,7.659999847,0.129999995
081498NH05,vertical,08/14/1998,NH05,9.257350016,33.41010017,7.868000031,33.80899811,,2.24000001,,,,,
082798NH05,vertical,08/27/1998,NH05,9.107890034,33.46178513,7.998400211,33.7784996,,,,,,,
091098NH05,vertical,09/10/1998,NH05,10.43061495,32.8612299,8.092100143,33.76079941,5.953400135,,0.889999986,0.75999999,14.64000034,6.829999924,0.140000001
092098NH05,1/2-m,09/20/1998,NH05,11.98385506,32.69778938,10.03960037,33.42770004,5.369202614,,0.644564569,0.389811397,5.561819077,1.067380071,0.049903799
092498NH05,vertical,09/24/1998,NH05,9.573421127,33.0189476,8.456999779,33.73300171,2.24,2.49000001,0.620000005,1.5,16.62000084,15.06000042,0.170000002
092698NH05,vertical,09/26/1998,NH05,,,,,,,,,,,
100598NH05,vertical,10/05/1998,NH05,11.66911497,33.05943489,9.003600121,33.66809845,3.934600115,,0.569999993,0.230000004,1.730000019,0.560000002,0.029999999
110398NH05,vertical,11/03/1998,NH05,12.78282008,32.29134502,9.481699944,33.36500168,0.970260024,,1.169999957,0.310000002,3.869999886,0.720000029,0.07
111698NH05,vertical,11/16/1998,NH05,12.18083339,32.27711042,11.96700001,32.46300125,0.84,4.53000021,0,0.5,6.5,2.400000095,0.180000007
121798NH05,vertical,12/17/1998,NH05,,,,,0.467620015,,0.930000007,0.720000029,13.80000019,5.960000038,0.430000007
021799NH05,vertical,02/17/1999,NH05,,,,,0.7,,0.07,0.879999995,9.640000343,7.730000019,0.569999993
031199NH05,vertical,03/11/1999,NH05,9.184345102,31.0857749,9.309900284,32.6719017,1.565600157,,0.569999993,0.75,27.27000046,8.069999695,0.239999995
040199NH05,vertical,04/01/1999,NH05,9.358360052,31.98252487,9.25549984,32.71369934,1.091799974,,0.039999999,0.75,19.48999977,5.170000076,0.219999999
041999NH05,vertical,04/19/1999,NH05,10.13539996,31.9116497,8.119000435,33.72000122,3.75,2.940000057,0.469999999,0.159999996,0,0,0.02
042999NH05,vertical,04/29/1999,NH05,9.031849957,32.52730961,7.594299793,33.86460114,3.728600025,,0.209999993,0.519999981,22.12000084,7.340000153,0.270000011
051499NH05,vertical,05/14/1999,NH05,10.64818997,30.64343014,7.725500107,33.79779816,0.877560079,,0,0.119999997,9.510000229,0.079999998,0
052399NH05,1/2-m,05/23/1999,NH05,8.584729862,32.82652988,7.00549984,33.9457016,0.765036166,,0.654720008,1.134050727,18.90010262,10.52621269,0.328681022
061099NH05,vertical,06/10/1999,NH05,9.504415035,33.27313957,7.12319994,33.94189835,0.337839991,,0,0.129999995,8.020000458,0,0.02
062399NH05,1/2-m,06/23/1999,NH05,10.90230508,32.68609982,7.256499767,33.94940186,2.510507345,,1.151039958,0.968780458,15.49315262,8.417617798,0.289702594
070399NH05,vertical,07/03/1999,NH05,9.840099931,32.35235014,7.15899992,33.93999863,3.4,1.169999957,0.02,0.050000001,0,0,0
070999NH05,vertical,07/09/1999,NH05,8.282299995,33.13259964,7.329999924,33.92399979,,1.590000033,,,,,
071599NH05,vertical,07/15/1999,NH05,,,,,3.687399864,,0.280000001,1.850000024,42.75999832,22.87000084,0.300000012
071999NH05,vertical,07/19/1999,NH05,8.215265012,33.54974461,6.916200161,33.96459961,5.829800606,,0,1.820000052,44.90999985,21.94000053,0.289999992
072699NH05,vertical,07/26/1999,NH05,8.699949884,33.33949013,7.448900223,33.91719818,13.18400002,,0,0.879999995,26.45999908,8.720000267,0.310000002
080599NH05,vertical,08/05/1999,NH05,12.33360004,,,,5.726799965,,0.109999999,0.090000004,7.090000153,0.109999999,0.029999999
081999NH05,vertical,08/19/1999,NH05,12.95204997,32.98120518,8.433899879,33.75540161,1.081500173,,0,0.119999997,8.199999809,0.079999998,0.039999999
090199NH05,vertical,09/01/1999,NH05,,,,,,,0,0.839999974,28.80999947,6.320000172,0.109999999
090899NH05,vertical,09/08/1999,NH05,9.437579918,33.15021458,7.915200233,33.7887001,1.730400085,,0.050000001,1.289999962,27.98999977,13.02999973,0.280000001
092299NH05,vertical,09/22/1999,NH05,8.766550064,33.20749989,7.958000183,33.76699829,9.16,2.450000048,0.409999996,0.959999979,12.01000023,3.569999933,0.159999996
092999NH05N,1/2-m,09/29/1999,NH05,9.03249979,33.47900009,,,3.120271921,,0,1.191356182,15.39618492,12.00686836,0.252108812
101599NH05,vertical,10/15/1999,NH05,10.00989504,33.10697994,7.967000008,33.7560997,0.89816004,,2.319999933,1.269999981,56.56999969,10.46000004,0.219999999
110499NH05,vertical,11/04/1999,NH05,,,,,,,,,,,
122099NH05,vertical,12/20/1999,NH05,10.93522491,31.47305508,11.1388998,32.41640091,0.704519928,,0.419999987,0.99000001,38.93000031,7.869999886,0.349999994
012000NH05,vertical,01/20/2000,NH05,9.621915007,31.56254501,9.937199593,32.38830185,0.512940049,,0.064079203,0.799655974,24.0405407,6.525117397,0.264626652
020100NH05,vertical,02/01/2000,NH05,9.659235505,31.78935309,9.774000168,32.04399872,0.85,6.190000057,0.119999997,0.860000014,16.55999947,7.489999771,0.330000013
021600NH05,vertical,02/16/2000,NH05,10.14379492,31.82134495,10.33549976,32.63750076,0.358439952,,0.50999999,0.769999981,24.71999931,6.730000019,0.25
030700NH05,vertical,03/07/2000,NH05,10.07909002,32.7325201,9.173399925,33.53039932,0.370800048,,0.300000012,0.870000005,18.79000092,8.609999657,0.230000004
040600NH05,vertical,04/06/2000,NH05,8.89332509,33.29047508,7.561100006,33.91569901,1.771600127,,0.939999998,1.470000029,31.34000015,17.03000069,0.25
041100NH05,vertical,04/11/2000,NH05,,,,,8.99,,0.090000004,0.189999998,4.900000095,0.01,0
043000NH05,vertical,04/30/2000,NH05,11.60236001,31.20557995,9.611800194,32.70610046,0.572679937,,0.409999996,0.280000001,15.92000008,1.139999986,0.039999999
051700NH05,vertical,05/17/2000,NH05,12.24981999,31.50914516,8.827799797,33.13069916,0.048616,,1.861917615,0.3584373,7.621959209,0.228110135,0.006064865
052200NH05,vertical,05/22/2000,NH05,11.514505,31.59888,8.394499779,33.63579941,2.080600023,,0.209999993,0.200000003,13.71000004,0.709999979,0.01
060300NH05,vertical,06/03/2000,NH05,,,,,,,,,,,
061200NH05,vertical,06/12/2000,NH05,,,,,,,,,,,
061700NH05D,1/2-m,06/17/2000,NH05,,,,,0.259221017,,0.141315296,2.094418526,39.90668106,26.29385948,0.202411771
061800NH05D,1/2-m,06/18/2000,NH05,8.882500029,33.52949982,7.269999981,33.91999817,0.485871881,,1.157451749,1.272378683,25.63333511,12.59585285,0.344230592
062300NH05,vertical,06/23/2000,NH05,7.912645054,33.91375961,6.968999863,33.97019958,0.236900002,,0.280000001,2.569999933,55.24000168,32.54999924,0.270000011
070700NH05,vertical,07/07/2000,NH05,9.229421013,33.17068441,7.261000156,33.93600082,6.59,1.370000005,0.280000001,1.110000014,15.56999969,11.13000011,0.090000004
071900NH05,vertical,07/19/2000,NH05,8.630014968,33.65540466,7.340499878,34.05899811,11.08280087,,0.980000019,0.949999988,21.28000069,12.77000046,0.360000014
080400NH05,vertical,08/04/2000,NH05,8.863526394,33.40684208,7.468999863,33.86800003,,,,,,,
081200NH05B,vertical,08/12/2000,NH05,,,,,,,,,,,
081800NH05,vertical,08/18/2000,NH05,9.550744915,33.76501484,7.598400116,33.88069916,12.29819965,,0.550000012,1.24000001,31.27000046,14.17000008,0.140000001
082800NH05,vertical,08/28/2000,NH05,9.137709951,33.33233986,7.454400063,33.91469955,10.36180115,,0.709999979,0.800000012,14.14000034,9.06000042,0.280000001
090700NH05,vertical,09/07/2000,NH05,12.6193501,33.13365002,7.834000111,33.75799942,2.72,1.379999995,0.709999979,0.819999993,4.360000134,0.439999998,0.029999999
092300NH05,1/2-m,09/23/2000,NH05,9.836170006,33.47752514,7.727600098,33.86980057,2.144839764,,1.032550573,1.900169611,30.6398735,20.95201683,0.240543529
092500NH05,vertical,09/25/2000,NH05,10.39791999,33.30087013,7.791600227,33.86429977,2.925200224,,0.230000004,1.360000014,23.71999931,14.97000027,0.170000002
100600NH05,vertical,10/06/2000,NH05,9.569109964,33.4569603,7.881100178,33.91839981,3.151800394,,0.720000029,1.360000014,16.88999939,14.10999966,0.219999999
102300NH05,vertical,10/23/2000,NH05,11.88355513,32.88418541,8.990799904,33.64509964,1.544999838,,1.059999943,0.779999971,8.489999771,5.900000095,0.180000007
110700NH05,vertical,11/07/2000,NH05,11.40676012,32.846525,10.9151001,33.12350082,1.812799811,,0.870000005,0.870000005,10.92000008,7.820000172,0.230000004
120600NH05,vertical,12/06/2000,NH05,10.43466997,32.71200485,10.31499958,32.93099976,0.407880008,,1.039999962,0.779999971,13.02000046,6.809999943,0.209999993
011601NH05,vertical,01/16/2001,NH05,9.920185089,32.51869488,10.30150032,32.69720078,0.690099895,,1.00999999,0.839999974,10.51000023,4.880000114,0.25999999
012701NH05,vertical,01/27/2001,NH05,10.31634994,32.68975029,10.16800022,32.67900085,0.39,5.690000057,,,,,
021401NH05,vertical,02/14/2001,NH05,9.225160027,32.35008049,9.016500473,33.44940186,0.653020024,,2.472681046,0.686856747,11.45332623,4.194262028,0.264237851
022801NH05,vertical,02/28/2001,NH05,9.612069988,32.53566055,9.815099716,32.84159851,2.245399952,,0.803456783,0.323369741,5.916081429,0.091313511,0.021286486
031201NH05,vertical,03/12/2001,NH05,9.704729986,32.71130466,8.827300072,33.51539993,1.359600067,,1.709432483,0.541162729,11.19636536,1.792864919,0.191935137
032001NH05,vertical,03/20/2001,NH05,9.760611057,32.57100021,9.203000069,33.19900131,3.13,5.46999979,0.079999998,0.449999988,1.659999967,2.730000019,0.07
040301NH05,vertical,04/03/2001,NH05,9.959124947,32.30017004,9.196700096,33.13650131,1.007339835,,0.293095946,0.295222163,2.576118708,0,0.045308109
041101NH05,vertical,04/11/2001,NH05,9.912119961,31.76437016,8.56760025,33.62720108,0.514999986,,0.355171621,0.267355144,2.312950611,0,0.053156756
042501NH05,vertical,04/25/2001,NH05,10.72718511,31.203405,8.19659996,33.77519989,0.294580013,,0.287335128,0.187494591,2.32708025,0,0.02092973
050901NH05,vertical,05/09/2001,NH05,8.600825024,33.36502495,7.437900066,33.93080139,1.14741993,,0.314610809,1.643967509,38.20612717,19.03092194,0.235578373
051801NH05,vertical,05/18/2001,NH05,10.30573001,32.44729958,8.251799583,33.66590118,2.163000345,,0.463686496,0.239020541,4.25257206,0.124822974,0.023427026
060401NH05,vertical,06/04/2001,NH05,9.036479855,32.77628002,7.196800232,33.95690155,10.1970005,,1.770449996,0.193759993,10.52931976,0.074175,0.0528
061301NH05,vertical,06/13/2001,NH05,11.08963163,32.30642108,7.46999979,33.9090004,,2.380000114,,,,,
061601NH05,vertical,06/16/2001,NH05,8.451660013,32.99480972,7.363900185,33.91999817,1.184499979,,1.728713512,1.68473947,28.78135109,16.77822685,0.214172974
062601NH05,vertical,06/26/2001,NH05,9.407729936,33.08747025,7.285900116,33.9367981,12.19519997,,0.285689175,0.355912447,10.54929543,0.279328376,0.076821625
070101NH05,1/2-m,07/01/2001,NH05,10.82273984,32.96139469,7.586900234,33.87969971,25.59565163,,0.153863639,0.111869998,10.38691044,0.26472342,0.027474545
070601NH05,vertical,07/06/2001,NH05,8.430157938,33.55847349,7.21600008,33.93600082,5.24,1.970000029,0.980000019,2.160000086,36.61999893,23.73999977,0.310000002
071801NH05,vertical,07/18/2001,NH05,8.832890034,33.46347427,7.214700222,33.94869995,7.745599747,,0.391852707,0.262211889,3.213980198,0.908530414,0.1457946
073001NH05,vertical,07/30/2001,NH05,8.05776999,33.83695507,7.268199921,33.95349884,15.65600014,,0.384916216,0.825911343,13.1123848,4.482582569,0.320367575
080501NH05,vertical,08/05/2001,NH05,12.93719501,32.66288509,7.582300186,33.83720016,1.545000076,,0.186579734,0.199370816,6.052185535,0.120534457,0.02854054
080901NH05,vertical,08/09/2001,NH05,8.282070065,33.75119476,7.338099957,33.93769836,1.421399951,,1.736943245,2.292390347,31.71551514,23.90593719,0.264713526
082401NH05,vertical,08/24/2001,NH05,12.30065503,33.17721024,7.861800194,33.7356987,6.015200138,,0.598418891,0.582963228,5.167850971,2.474187851,0.056962162
090501NH05,vertical,09/05/2001,NH05,,,,,,,,,,,
091801NH05,vertical,09/18/2001,NH05,8.739739943,33.61006489,7.656700134,33.83480072,3.007600546,,0.408194602,2.247036219,34.07987595,24.74118996,0.232010812
092501NH05,vertical,09/25/2001,NH05,8.751104975,33.40475044,7.691599846,33.7928009,17.51000023,,0.322370261,0.710609198,9.624547005,6.058590412,0.107859462
092801NH05D,1/2-m,09/28/2001,NH05,9.478000021,33.17400017,7.860000134,33.68999863,7.96749115,,0.233872727,0.488160014,8.904335022,1.335660338,0.080830909
100201NH05,vertical,10/02/2001,NH05,10.43245502,33.47528973,8.00660038,33.81079865,2.266000032,,,,,,
102901NH05,vertical,10/29/2001,NH05,10.04632988,33.21058998,8.296600342,33.73189926,14.72900009,,0.662258089,0.672455668,5.008934021,5.632991314,0.182183787
110701NH05,vertical,11/07/2001,NH05,10.66064,32.7424099,8.818200111,33.54090118,2.801600218,,2.064133883,0.949068666,9.908433914,4.540692329,0.251632422
112701NH05,vertical,11/27/2001,NH05,11.17073692,31.85878964,11.58600044,32.67399979,0.93,6.070000172,,0.829999983,18.23999977,9.170000076,0.270000011
011402NH05,vertical,01/14/2002,NH05,10.4469851,31.55862007,10.61390018,32.6495018,0.768379986,,,0.687256157,16.48615265,6.608906269,0.528414369
012902NH05,vertical,01/29/2002,NH05,,,,,0.964079976,,,0.765967011,24.76514816,8.139650345,0.245765701
021902NH05,vertical,02/19/2002,NH05,,,,,4.91,,,0.670000017,2.329999924,2.210000038,0.180000007
030402NH05,vertical,03/04/2002,NH05,9.493174934,32.27366962,8.845100403,33.39229965,2.080600023,,,0.519653141,6.867089272,3.798572302,0.326926351
032002NH05,vertical,03/20/2002,NH05,,,,,2.039400101,,,0.29114911,4.561439037,0.853029072,0.08984182
032702NH05,vertical,03/27/2002,NH05,9.027244997,31.02086992,8.711799622,33.37649918,1.40079999,,,0.277993292,11.05163956,1.698704243,0.142462924
040402NH05,vertical,04/04/2002,NH05,,,,,,,,,,,
041802NH05,vertical,04/18/2002,NH05,10.04092493,31.22728996,8.689200401,33.33779907,0.385219991,,,0.189336315,2.590245962,0.119437262,0.019673821
043002NH05,vertical,04/30/2002,NH05,8.326650095,33.25886002,7.342000008,33.82180023,2.410200119,,,1.017078042,29.29148674,13.68124866,0.163947463
050902NH05,vertical,05/09/2002,NH05,8.39431994,32.73701019,7.512300014,33.77389908,8.42539978,,,0.08678624,3.877129793,0.315539688,0.051563021
052002NH05,vertical,05/20/2002,NH05,8.613614964,32.76255503,7.214399815,33.80630112,7.086400032,,,0.00140864,0.572447419,0.028972641,0.00706808
052902NH05,vertical,05/29/2002,NH05,11.52025008,31.70380011,7.802000046,33.87099838,,1.330000043,,,,,
060402NH05,vertical,06/04/2002,NH05,,,,,,,,,,,
060502NH05,vertical,06/05/2002,NH05,9.104473716,33.27305262,7.626999855,33.84700012,,,,,,,
060602NH05,vertical,06/06/2002,NH05,,,,,,,,,,,
060702NH05,vertical,06/07/2002,NH05,8.325368404,32.67573668,7.214000225,33.95100021,,1.149999976,,,,,
060802NH05A,vertical,06/08/2002,NH05,8.465157885,33.38863152,7.093999863,33.95899963,,1.029999971,,,,,
060802NH05B,vertical,06/08/2002,NH05,9.33105263,32.85963159,7.114999771,33.96099854,,0.99000001,,,,,
061702NH05,vertical,06/17/2002,NH05,11.29600003,32.45778957,7.423999786,33.91699982,,1.269999981,,,,,
062102NH05,1/2-m,06/21/2002,NH05,10.06713986,33.0711153,,,1.978514552,,1.877104878,0.842159986,11.50000763,4.316688061,0.129411802
070302NH05,vertical,07/03/2002,NH05,8.806195068,33.28525028,7.183400154,33.80889893,3.131200075,,,1.457060456,29.54198837,14.50816727,0.226817399
070902NH05,vertical,07/09/2002,NH05,10.39710522,33.32347328,7.282000065,33.94200134,,0.620000005,,,,,
072302NH05,vertical,07/23/2002,NH05,8.180694985,33.30179501,7.243800163,33.78829956,9.434800148,,,0.831776977,20.53525352,9.464118958,0.249132976
073102NH05,vertical,07/31/2002,NH05,,,,,,,,,,,
080902NH05B,vertical,08/09/2002,NH05,,,,,,,,,,,
081802NH05,vertical,08/18/2002,NH05,,,,,,,,,,,
083002NH05,vertical,08/30/2002,NH05,8.073370004,33.57027969,7.382999897,33.7378006,7.1687994,,0.375861734,1.397373438,33.70635605,16.82928848,0.251937747
092702NH05,vertical,09/27/2002,NH05,,,,,3.46,,1.059999943,2.339999914,35.66999817,25.79000092,0.25999999
100302NH05,1/2-m,10/03/2002,NH05,8.025409937,32.81475506,7.843599796,33.77470016,2.390398502,,0.172876716,1.504019976,22.05079651,16.78429222,0.239332125
101502NH05,vertical,10/15/2002,NH05,8.362324977,33.62113495,7.902200222,33.66759872,9.00220108,,,1.636564612,40.6642952,17.80521774,0.245602533
110102NH05,vertical,11/01/2002,NH05,8.174045062,33.19684982,7.948299885,33.38570023,4.717400551,,2.112258673,1.367689252,27.76985359,14.8190918,0.16986078
111502NH05,vertical,11/15/2002,NH05,,,,,0.428479999,,1.384230494,0.442366391,2.681324005,1.372610211,0.121937796
120402NH05,vertical,12/04/2002,NH05,,,,,,,,,,,
010903NH05,vertical,01/09/2003,NH05,11.33192997,31.21912012,11.39949989,32.42720032,0.379040003,,0.532242775,0.655102372,17.29039764,6.867399216,0.636754334
020603NH05,vertical,02/06/2003,NH05,11.12747493,31.42186012,9.709199905,32.97869873,0.463499993,,0.94652319,0.569475174,15.63368511,5.833940029,0.3722592
021403NH05,vertical,02/14/2003,NH05,11.11742095,32.03115845,10.45100021,32.7159996,1.92,5.309999943,0,0.779999971,9.270000458,4.849999905,0.300000012
022503NH05,vertical,02/25/2003,NH05,10.41022,31.78380995,10.34570026,32.72539902,5.108799934,,0.475023329,0.256681293,4.38702774,1.423169255,0.142606974
032403NH05,vertical,03/24/2003,NH05,10.82223997,31.44188995,10.7201004,32.25880051,2.183600187,,0.746327043,0.497735351,19.16310501,4.822037697,0.202318385
040103NH05,vertical,04/01/2003,NH05,11.13136839,31.33005273,10.20400047,32.48699951,7.36,5.489999771,0.029999999,0.209999993,1.279999971,0.059999999,0.050000001
041603NH05,vertical,04/16/2003,NH05,11.18938489,31.77198505,10.44330025,32.3445015,0.976440072,,0.434840977,0.163076475,1.950492978,0.00866958,0.00516786
043003NH05,vertical,04/30/2003,NH05,11.56687002,31.36035013,10.02509975,32.51929855,0.879620016,,0.770466626,0.137921408,7.685988903,0.082945742,0.05024514
050603NH05,vertical,05/06/2003,NH05,12.14133,31.70053005,10.00220013,32.50469971,0.197760016,,1.024349809,0.207244799,1.233211398,0.021305401,0.029244641
052103NH05,vertical,05/21/2003,NH05,10.88061996,32.20746498,8.034399986,33.6969986,2.121800184,,1.052000046,0.286900014,0.275999993,0.465999991,0.194000006
060503NH05,vertical,06/05/2003,NH05,8.906114912,33.64193974,7.357900143,33.90209961,0.739539921,,0.936999977,1.620000005,37.45056915,17.83051872,0.177865133
062503NH05,vertical,06/25/2003,NH05,8.501724958,33.08458004,7.236800194,33.89390182,8.672599792,,0.717764437,0.955708802,24.83737946,12.11430264,0.189533263
070203NH05,1/2-m,07/02/2003,NH05,9.240364933,33.39028969,7.143499851,33.93529892,19.61082649,,0.072216719,0.62520057,15.76667023,7.478049755,0.0352
070203NH05,1/2-m,07/02/2003,NH05,9.240364933,33.39028969,7.143499851,33.93529892,19.61082649,,3.24000001,0.99000001,20.25,8.239999771,0.330000013
070203NH05,1/2-m,07/02/2003,NH05,9.240364933,33.39028969,7.143499851,33.93529892,20.44,,3.24000001,0.99000001,20.25,8.239999771,0.330000013
070203NH05,vertical,07/02/2003,NH05,9.240364933,33.39028969,7.143499851,33.93529892,19.61082649,,0.072216719,0.62520057,15.76667023,7.478049755,0.0352
070203NH05,vertical,07/02/2003,NH05,9.240364933,33.39028969,7.143499851,33.93529892,19.61082649,,3.24000001,0.99000001,20.25,8.239999771,0.330000013
070203NH05,vertical,07/02/2003,NH05,9.240364933,33.39028969,7.143499851,33.93529892,20.44,,3.24000001,0.99000001,20.25,8.239999771,0.330000013
070203NH05,1/2-m,07/02/2003,NH05,9.240364933,33.39028969,7.143499851,33.93529892,20.44,,0.072216719,0.62520057,15.76667023,7.478049755,0.0352
070203NH05,vertical,07/02/2003,NH05,9.240364933,33.39028969,7.143499851,33.93529892,20.44,,0.072216719,0.62520057,15.76667023,7.478049755,0.0352
071703NH05,vertical,07/17/2003,NH05,11.91977,32.96684513,7.258200169,33.81510162,4.243599892,,0.985556364,0.072749406,1.053357959,0.786014736,0.069888607
072403NH05,vertical,07/24/2003,NH05,8.160355043,33.5134449,7.218100071,33.91059875,4.243600368,,0.344228357,1.939423561,44.13965988,23.67002869,0.256235301
080503NH05,vertical,08/05/2003,NH05,8.985569954,32.83952446,7.632999897,33.84939957,9.125800133,,0.415314347,0.393587917,8.565722466,4.135681629,0.188645706
082003NH05,vertical,08/20/2003,NH05,9.322630119,33.37034988,8.018500328,33.69850159,0.733359873,,3.642242432,1.408631802,20.02248001,14.6739521,0.251818895
082303NH05,vertical,08/23/2003,NH05,,,,,,,,,,,
090403NH05,vertical,09/04/2003,NH05,8.512415051,33.11178951,7.622900009,33.76449966,25.13199997,,0.61496073,0.009573138,0.951623321,0.425866753,0.063230529
091703NH05,vertical,09/17/2003,NH05,9.886039925,33.18479519,7.767700195,33.70439911,1.771600127,,1.212200165,0.530257881,10.46448612,5.880790234,0.207295895
092603NH05,vertical,09/26/2003,NH05,8.388473661,33.40068476,7.737999916,33.7820015,0.39,1.409999967,0.649999976,2.470000029,37.49000168,29.26000023,0.270000011
100303NH05,1/2-m,10/03/2003,NH05,9.667159939,32.92810516,7.885300159,33.64250183,10.02293491,,0.03657838,0.643054068,13.20729542,4.878558159,0.188967571
102303NH05,vertical,10/23/2003,NH05,13.17203326,32.29065577,12.86654997,32.45325089,0.679139972,,0.47396186,0.827315331,6.453458786,4.047365665,0.274096936
110303NH05,vertical,11/03/2003,NH05,12.07554548,32.33789097,8.597700119,33.2683506,2.871000051,,0.328104675,0.757624149,6.005959988,3.359028339,0.255257845
011504NH05,vertical,01/15/2004,NH05,10.43660002,31.80162477,10.67114973,32.43330002,0.405900002,,0.036635201,0.766335547,8.674245834,5.759524345,0.646582007
012104NH05,vertical,01/21/2004,NH05,10.48034738,31.70635254,10.65325022,32.56799889,0.346500009,,0.168653727,0.923140764,17.22564888,7.196252346,0.605763972
020404NH05,vertical,02/04/2004,NH05,10.31983013,30.75428009,10.41869974,32.22480011,0.295020193,,0.482706636,0.962005258,28.3951149,,
030204NH05,vertical,03/02/2004,NH05,10.43621058,31.56114739,10.41575003,32.1989994,2.177999973,,0.439303935,0.670510113,5.201655388,2.294604301,0.207333878
031604NH05,vertical,03/16/2004,NH05,10.3722369,32.02015786,8.37954998,33.65539932,3.02940011,,0.101542264,0.862160981,14.05616474,5.220718861,0.322020918
033104NH05,vertical,03/31/2004,NH05,10.83886317,30.91006851,9.770200253,32.65159988,0.890999973,,0,0.234939948,0,0.816391051,0.035468549
042804NH05,vertical,04/28/2004,NH05,10.88841057,31.90089467,7.950150013,33.7105999,0.827639997,,0.144979924,0.677865744,6.098605633,,
051004NH05,vertical,05/10/2004,NH05,13.57500001,30.28926297,,,0.367934853,,0,0.174199998,5.432899952,0.128999993,0.031199999
051104NH05,vertical,05/11/2004,NH05,12.50715793,30.34494741,,,1.053631663,,0.076899998,0.194499999,,0.569999993,0.116099998
051304NH05,vertical,05/13/2004,NH05,11.4639473,31.20894743,8.197999954,33.52399826,1.027619958,,0.787400007,0.237399995,8.298500061,0.597899973,0.145099998
052504NH05,vertical,05/25/2004,NH05,9.706836751,32.10838428,8.057099819,33.52655029,2.494800091,,0.003227096,0.509157956,9.651332855,,
060704NH05,vertical,06/07/2004,NH05,13.6054158,31.38349463,7.964400053,33.64750099,0.574199975,,0,0.393726259,6.173629284,,
062104NH05,vertical,06/21/2004,NH05,,,,,10.73159981,,0,0.375967532,17.33277321,,
062604NH05,vertical,06/26/2004,NH05,9.690894729,32.50326347,7.837999821,33.70899963,4.65350008,1.970000029,0.175999999,0.225700006,9.396499634,0.907400012,0.064000003
062904NH05,1/2-m,06/29/2004,NH05,9.489304972,32.62959003,,,13.79626942,,0,1.21874249,18.68749237,13.67103577,0.221311241
070604NH05,vertical,07/06/2004,NH05,8.808426204,33.38518444,7.540299892,33.82015038,12.75119972,,0.394931734,1.903217435,23.52584457,,
071904NH05,vertical,07/19/2004,NH05,13.81055787,32.09116057,7.635999918,33.76259995,2.81159997,1.695649028,0,0.074069321,0,,
072804NH05,vertical,07/28/2004,NH05,8.189129972,33.50704517,7.567599773,33.81299973,6.118199825,0.921400011,0.448180228,2.329426765,30.16179657,,
080204NH05,vertical,08/02/2004,NH05,9.028271098,33.48711064,7.747100115,33.83779907,24.94799995,0.491936341,0.936656058,0.713383198,0.520243168,,
080804NH05,vertical,08/08/2004,NH05,12.27109842,32.92462807,7.71813345,33.70669937,2.635896921,,0,0.153983563,0,,
081704NH05,vertical,08/17/2004,NH05,,,,,2.059200048,,0.060609028,0.136224836,0,,
083004NH05,vertical,08/30/2004,NH05,14.59305546,32.49549993,7.870999813,33.5359993,5.307706356,1.99000001,0.029999999,0.479999989,3.50999999,0.300000012,0.039999999
090204NH05,vertical,09/02/2004,NH05,11.50511111,32.6889996,8.022000313,33.61500168,,1.480000019,,,,,
090304NH05,vertical,09/03/2004,NH05,,,,,,,,,,,
091604NH05,vertical,09/16/2004,NH05,13.15251315,32.61659763,7.989699841,33.63036728,4.811399937,1.751954397,0.182424068,0.322691381,10.03129005,,
092904NH05,1/2-m,09/29/2004,NH05,11.29929004,32.57984962,8.054100037,33.62310028,,,,,,,
101404NH05,vertical,10/14/2004,NH05,11.18022623,32.56158969,8.08880043,33.56850052,3.464999914,,1.25464642,1.087185144,13.43005562,7.277233124,0.236917138
102804NH05,vertical,10/28/2004,NH05,12.25103011,32.17874508,10.6157999,32.76445007,1.120528817,,0.173211649,0.839793622,7.915077686,3.730036259,0.191699117
110704NH05B,vertical,11/07/2004,NH05,11.61731584,32.1836321,8.744999886,33.40399933,0.476642877,,0.5,0.626902521,5.290520191,2.43409133,0.131032377
112204NH05,vertical,11/22/2004,NH05,10.27295499,32.66985455,8.81524992,33.62989998,1.776958108,,0.48702383,1.303803802,17.00831795,10.27296829,0.313073784
122004NH05,vertical,12/20/2004,NH05,10.70567513,32.34135962,10.22290039,32.68859863,1.235508561,,0.139699504,1.0582937,12.86895084,8.002210617,0.263095975
012505NH05,vertical,01/25/2005,NH05,10.13946844,32.13936856,10.08199978,32.83520126,1.011820793,,0.236714751,1.069043994,25.82309341,9.194966316,0.447725803
020205NH05,vertical,02/02/2005,NH05,10.71893155,32.17490528,10.49510002,33.02470016,0.30730921,,0.681904256,1.069984555,16.99996376,7.761897087,0.402507782
022305NH05,vertical,02/23/2005,NH05,10.27536317,32.73863682,10.49590015,33.0481987,8.989317894,,0.028053032,0.318941176,1.282066941,0.305547923,0.041389905
031805NH05,vertical,03/18/2005,NH05,10.68461509,32.7882597,9.778300285,33.42279816,4.013834953,,0.233679235,0.711999357,4.310362339,1.783592224,0.153746039
041405NH05,vertical,04/14/2005,NH05,11.15869493,32.32517538,11.15079975,32.77769852,2.40411973,,0.012146902,0.456679493,8.718446732,0.374795884,0.085856378
042705NH05,vertical,04/27/2005,NH05,11.19540997,32.18204498,8.743100166,33.66059875,3.533010721,,0.162830174,0.448751152,3.203468084,0.716188252,0.063184738
051105NH05,vertical,05/11/2005,NH05,,,,,1.101714015,,0,0.23871699,2.37225318,0.114186257,0.03575331
052805NH05,vertical,05/28/2005,NH05,12.15450001,32.34761111,8.263999939,33.69300079,5.602644444,,0.045499999,0.221200004,0.267699987,0,0.0418
060705NH05,vertical,06/07/2005,NH05,12.35020003,31.3198101,8.281000137,33.70729828,2.069633484,,0,0.064158849,10.08709621,0,0
061805NH05,vertical,06/18/2005,NH05,,,,,,,,,,,
062205NH05,1/2-m,06/22/2005,NH05,14.757265,30.75406008,8.651599884,33.48860168,1.446260929,,0.184324577,0.101898022,3.848251581,0,0.015556783
070605NH05,vertical,07/06/2005,NH05,11.72187916,32.39334749,8.026499748,33.76409912,1.776958108,,0.004375968,0.182277873,12.83971214,0.35399732,0.016964659
072805NH05,vertical,07/28/2005,NH05,8.215204906,33.82852497,7.341100216,33.95019913,2.905849218,,0.06279809,2.711380005,49.91501617,30.50092506,0.197479129
080205NH05,vertical,08/02/2005,NH05,8.500899967,33.72971023,7.429900169,33.94079971,16.64068985,,0.132061005,1.43704915,22.28430748,13.8649435,0.267381459
081805NH05,vertical,08/18/2005,NH05,8.571747479,33.40667865,7.434400082,33.93320084,9.365614891,,0,1.43704915,18.12039757,12.48950005,0.276524812
082605NH05,1/2-m,08/26/2005,NH05,9.201490068,33.390835,7.649099827,33.8614006,17.64782715,,0.104977429,1.16201365,12.74454212,11.89304161,0.232135355
082905NH05,vertical,08/29/2005,NH05,9.418621013,33.45687344,7.589300156,33.90340042,12.58504486,,0.266372442,0.175624147,1.564510703,,0.112164438
091405NH05,vertical,09/14/2005,NH05,8.698947354,33.61452645,7.717400074,33.90919876,18.80999947,1.098549962,0.101199999,0.091799997,1.041599989,0.229800001,0.026900001
092105NH05,1/2-m,09/21/2005,NH05,9.015969992,33.57008457,,,13.98913097,,1.991833091,1.964260459,24.2727623,20.62891197,0.328292698
092805NH05,vertical,09/28/2005,NH05,8.299573698,33.78515786,7.751399994,33.87530136,0.720719993,1.018479943,0.038899999,2.556200027,53.52289963,30.71179962,0.334699988
102105NH05,vertical,10/21/2005,NH05,12.00336843,32.52494772,9.112000465,33.58399963,1.586199999,,0.064141639,0.85937202,12.61426926,6.657876968,0.138533294
111505NH05,vertical,11/15/2005,NH05,11.51273007,32.82953491,11.43889999,33.41059875,1.063259959,5.492869854,1.960600019,1.413499951,20.34129906,16.81579971,0.488499999
120505NH05,vertical,12/05/2005,NH05,10.27423146,32.57622137,10.88630009,33.11289978,1.455299854,5.434679985,1.008100033,1.245499969,23.70999908,16.97019958,0.468199998
021506NH05,vertical,02/15/2006,NH05,10.36402011,32.01883488,8.897299767,33.67169952,1.271020055,2.997869968,0.020500001,0.859099984,14.56639957,7.768700123,0.255199999
032806NH05,vertical,03/28/2006,NH05,10.28687015,31.59825506,9.943400383,32.48220062,0.541779995,5.985740185,0.102399997,0.762499988,16.48180008,6.798299789,0.295899987
040506NH05,vertical,04/05/2006,NH05,10.47795992,31.57444973,10.10890007,32.52479935,0.44907999,6.277599812,0.625899971,0.680299997,28.85899925,8.244099617,0.286000013
041806NH05,vertical,04/18/2006,NH05,10.99574509,31.90345535,10.69799995,32.28499985,1.709800243,6.365660191,0.324000001,0.412099987,11.49940014,1.558599949,0.055799998
042606NH05,vertical,04/26/2006,NH05,11.09601493,32.2943346,9.263500214,33.24449921,2.101200104,3.789740086,0.153600007,0.200499997,2.467600107,0.086099997,0.0253
050306NH05,vertical,05/03/2006,NH05,8.735634995,33.45810547,7.752500057,33.93220139,0.879620016,1.723569989,0.278100014,1.995599985,40.78469849,24.09119987,0.307000011
051006NH05,vertical,05/10/2006,NH05,9.148789456,33.090895,7.676000118,33.96500015,3.584399939,1.600000024,0.127700001,0.885599971,14.35330009,6.854300022,0.270700008
051506NH05,vertical,05/15/2006,NH05,8.561222368,33.42150031,7.190000057,34.03099823,10.09399986,1.289999962,2.370500088,1.078299999,24.3307991,9.397399902,0.319700003
053006NH05,vertical,05/30/2006,NH05,13.18603511,31.27445498,9.089300156,33.20690155,0.613879979,,0.108900003,0.145300001,2.033499956,0.045899998,0.086000003
060706NH05,vertical,06/07/2006,NH05,13.35914011,31.08838015,8.859900475,33.44609833,1.060899973,2.566200018,1.332999945,0.113499999,3.686500072,0.690599978,0.132799998
061306NH05,vertical,06/13/2006,NH05,9.794594341,32.83468289,8.137800217,33.75139999,,1.36935997,,1.230000019,23.42000008,13.25,
061506NH05,vertical,06/15/2006,NH05,13.14276991,30.40741014,8.376999855,33.64310074,2.018800259,2.051789999,0.0231,0.0757,22.44910049,0.246299997,0.0436
062806NH05,1/2-m,06/28/2006,NH05,8.932870007,33.77595558,7.298999786,33.9762001,1.267137647,,0.076300003,2.460500002,54.17139816,29.31780052,0.343600005
062906NH05,vertical,06/29/2006,NH05,8.701620054,33.7149147,7.450200081,33.95589828,0.817820013,1.350690007,0.0735,2.236200094,44.71699905,28.28919983,0.211099997
070606NH05,vertical,07/06/2006,NH05,9.172695017,33.39275532,7.535399914,33.95040131,15.77960014,1.629639983,0.057300001,0.515900016,5.594600201,2.780100107,0.219500005
071306NH05,vertical,07/13/2006,NH05,10.2538421,33.32029985,7.475500107,33.94710159,3.41960001,1.142950058,3.311000109,0.070600003,1.896600008,0.438899994,0.132400006
080106NH05,vertical,08/01/2006,NH05,9.288440084,33.6362505,7.52120018,33.93500137,21.42399979,0.761179984,0.0221,0.819700003,13.18299961,7.343699932,0.290300012
081006NH05,vertical,08/10/2006,NH05,8.996010017,33.41161518,7.670100212,33.91180038,10.44419956,1.110769987,0.0233,1.519799948,22.63710022,19.3166008,0.262499988
082306NH05,vertical,08/23/2006,NH05,9.225464964,33.1884552,7.794099808,33.8885994,4.284800053,1.590600014,0.116999999,1.337900043,18.54739952,15.89990044,0.284799993
082906NH05,vertical,08/29/2006,NH05,8.779525042,33.77701492,7.889800072,33.85839844,5.150000095,1.62627995,0.279199988,1.811699986,33.78179932,23.09000015,0.354299992
091306NH05,vertical,09/13/2006,NH05,9.142429924,33.61059532,7.836900234,33.88119888,8.981599808,1.388260007,0.0066,1.576699972,28.94890022,19.59199905,0.287099987
091806NH05,vertical,09/18/2006,NH05,11.36670499,32.80300484,7.938300133,33.85070038,9.208200455,1.502799988,0.045699999,0.601400018,19.75219917,5.344500065,0.187800005
092606NH05,vertical,09/26/2006,NH05,10.82669497,33.05178013,8.110500336,33.84519958,1.194800019,0.984210014,1.902199984,1.248399973,27.38949966,14.82509995,0.232299998
092806NH05,1/2-m,09/28/2006,NH05,10.190905,33.23974476,8.07820034,33.84130096,0.733185053,0.679090023,1.848899961,1.286999941,30.67009926,16.23749924,0.254999995
101206NH05,vertical,10/12/2006,NH05,10.47521496,33.46096497,8.569899559,33.76119995,11.06219959,1.898970008,0.066699997,0.838199973,7.979700089,8.624899864,0.274199992
103106NH05,vertical,10/31/2006,NH05,9.518884945,33.30189514,8.346099854,33.83399963,4.22300005,1.297670007,1.914899945,1.620300055,22.06559944,18.68650055,0.305099994
112906NH05,vertical,11/29/2006,NH05,10.63598504,31.82780504,11.50580025,32.76860046,0.727180004,5.821209908,0.806200027,0.939199984,17.99130058,11.41919994,0.437400013
120506NH05,vertical,12/05/2006,NH05,10.85085502,32.06062002,11.07269955,32.92470169,1.689200163,5.407919884,0.2289,0.871800005,17.33259964,9.331500053,0.421600014
011207NH05,vertical,01/12/2007,NH05,9.306700039,30.41366997,9.731699944,33.36009979,1.58619976,4.079710007,0.030200001,0.928300023,27.70019913,11.79609966,0.400400013
012407NH05,vertical,01/24/2007,NH05,8.997310488,31.64233147,9.295700073,33.53829956,1.771600008,3.451770067,0.164800003,0.699599981,16.22669983,8.242799759,0.149800003
021307NH05,vertical,02/13/2007,NH05,9.639824963,32.23540497,9.753899574,32.62789917,3.089999914,6.002190113,0.787299991,0.270799994,0.921500027,0.043699998,0.044799998
030507NH05,vertical,03/05/2007,NH05,9.687920094,31.96276979,9.66590023,32.57410049,0.434659988,6.174630165,1.266600013,0.663399994,19.78420067,8.012399673,0.279500008
031407NH05,vertical,03/14/2007,NH05,10.15063992,31.28651505,9.640099525,32.7723999,1.50173974,5.351580143,1.095399976,0.772199988,16.86020088,6.727099895,0.239899993
032207NH05,vertical,03/22/2007,NH05,10.15408006,31.63266487,9.357000351,33.07479858,6.715600014,4.13424015,0.456099987,0.370200008,6.50909996,0.910300016,0.0889
033007NH05,vertical,03/30/2007,NH05,9.646460009,31.93570557,8.315500259,33.86059952,5.500199795,2.167710066,0.201399997,0.47389999,15.85050011,4.44630003,0.217099994
041907NH05,vertical,04/19/2007,NH05,10.05247993,31.2871747,8.556699753,33.62519836,0.519119978,2.729749918,0.040100001,0.264400005,5.15899992,0.696099997,0.063000001
050407NH05,vertical,05/04/2007,NH05,10.55675492,31.44225521,8.435899734,33.48630142,1.079439998,3.510979891,0.187299997,0.307500005,8.234999657,0.043099999,0.047499999
051507NH05,vertical,05/15/2007,NH05,8.679968457,33.65965793,7.182099819,33.98809814,2.410200119,1.561949968,0.0153,1.897799969,38.90480042,23.44009972,0.207100004
053007NH05,vertical,05/30/2007,NH05,7.805480027,33.78952999,7.110300064,33.979599,,1.497670054,0.51849997,1.610200047,45.30509949,24.78059959,0.371699989
061207NH05,vertical,06/12/2007,NH05,10.41909995,33.09941521,7.586200237,33.86510086,2.163000107,1.436290026,3.525700092,0.740199983,7.606699944,5.147999763,0.191699997
062707NH05,vertical,06/27/2007,NH05,10.83329997,32.23140507,7.379300117,33.92779922,3.275399923,1.384170055,0.459500015,0.110299997,18.58580017,1.003999949,0.057500001
062807NH05,1/2-m,06/28/2007,NH05,11.29578984,31.87640991,7.390299797,33.91790009,4.374818802,1.339400053,0.629899979,0.113899998,15.45919991,1.478500009,0.126800001
063007NH05,vertical,06/30/2007,NH05,12.55975008,,7.41629982,,6.797999859,,,,,,
070307NH05,vertical,07/03/2007,NH05,12.09722505,31.85279036,7.360799789,33.92459869,6.015200138,1.409629941,0.078699999,0.054900002,18.01309967,0,0.0348
071407NH05,vertical,07/14/2007,NH05,10.20616994,33.23228474,7.215000153,33.94630051,12.23639965,1.212360024,0.392399997,1.125200033,36.04069901,11.35579967,0.291200012
072807NH05,vertical,07/28/2007,NH05,9.891265011,33.20256977,7.418700218,33.89709854,1.383749962,1.070979953,3.00180006,1.55369997,31.04599953,14.34720039,0.33160001
080707NH05,vertical,08/07/2007,NH05,9.327270079,33.49734535,7.388400078,33.91130066,21.52499962,1.123639941,1.179700017,0.118900001,10.76910019,0.570900023,0.292199999
081507NH05,vertical,08/15/2007,NH05,10.73930497,33.3957098,7.846099854,33.81489944,12.13599968,1.415889978,0.164399996,0.073799998,6.644800186,0.182300001,0.042399999
083007NH05,vertical,08/30/2007,NH05,9.582674932,33.50105991,7.671800137,33.86389923,1.967999816,0.85473001,1.693600059,2.23390007,35.01240158,23.64550018,0.351300001
091207NH05,vertical,09/12/2007,NH05,9.131120062,33.57319508,7.913700104,33.89860153,8.569000244,1.400060058,3.059400082,1.76880002,31.31399918,17.38400078,0.377099991
092407NH05,vertical,09/24/2007,NH05,10.14410987,33.3327301,7.902999878,33.8628006,2.521500111,1.624500036,3.765000105,1.715899944,29.5529995,17.80340004,0.316000015
101207NH05,vertical,10/12/2007,NH05,11.28777494,32.68416538,9.547599792,33.40639877,2.972500086,4.03030014,0.322400004,1.041800022,20.93110085,9.48429966,0.214599997
102307NH05,vertical,10/23/2007,NH05,11.8449777,32.57673857,11.50080013,32.71060181,0.498149991,4.50221014,0.171599999,0.630100012,12.65149975,5.752399921,0.169300005
110707NH05,vertical,11/07/2007,NH05,9.504929924,33.23763981,8.430299759,33.75650024,6.662499905,2.462280035,0.395000011,1.442800045,24.12630081,13.47430038,1.903100014
112007NH05,vertical,11/20/2007,NH05,10.46374221,32.61536829,10.40060043,32.98839951,1.324300051,5.68407011,1.093000054,1.248000026,18.52280045,12.72679996,0.293599993
121007NH05,vertical,12/10/2007,NH05,9.787129974,32.76744461,9.850899696,33.01699829,0.721599996,5.460169792,1.416000009,1.447199941,23.6923008,16.77510071,0.42930001
021208NH05,vertical,02/12/2008,NH05,8.588750029,31.73065481,8.46930027,32.61999893,1.117799997,6.692649841,1.290500045,1.190099955,33.23339844,13.6711998,0.261900008
021708NH05,vertical,02/17/2008,NH05,8.482729959,32.00850515,8.261400223,33.47579956,1.146780014,3.704149961,0.27579999,1.245200038,24.42810059,13.46020031,0.247099996
030408NH05,vertical,03/04/2008,NH05,8.88308506,31.77038507,8.534000397,32.75889969,2.525399923,5.56264019,3.255300045,1.01639998,18.85639954,9.159199715,0.212099999
031808NH05,vertical,03/18/2008,NH05,9.096726217,31.71276323,8.620900154,32.76490021,4.429800034,5.115270138,1.059900045,0.946099997,14.90159988,6.970399857,0.1435
032108NH05,vertical,03/21/2008,NH05,,,,,3.105000019,,0.68720001,0.83160001,15.98029995,6.733300209,0.148800001
033108NH05,vertical,03/31/2008,NH05,9.021324921,31.22453489,8.347499847,33.39839935,8.631899834,3.497560024,0.330500007,0.399899989,3.57249999,0.298900008,0.0264
041208NH05,vertical,04/12/2008,NH05,9.082505035,31.11658506,7.952300072,33.7580986,1.223369956,2.316689968,0.504599988,0.314799994,8.42689991,0.134100005,0.0116
042208NH05,vertical,04/22/2008,NH05,8.436453629,31.38130709,7.85010004,33.81930161,6.640755653,,,,,,
050108NH05,vertical,05/01/2008,NH05,9.507189989,30.34034491,7.852099895,33.72809982,0.900449991,2.479640007,0.330199987,0.188999996,14.54139996,0.256500006,0
050908NH05,vertical,05/09/2008,NH05,8.414199972,33.3780098,7.014900208,33.98540115,0.927359998,1.44848001,0.306199998,2.184200048,45.12149811,25.64640045,0.196799994
052108NH05,vertical,05/21/2008,NH05,8.449138906,32.44841671,7.447700024,33.88800049,11.94390011,1.759060025,0.133699998,0.441799998,9.521800041,1.313199997,0.078699999
052708NH05,vertical,05/27/2008,NH05,8.562669992,32.89119492,7.281000137,33.91600037,14.15880013,1.55230999,0.218899995,0.701099992,17.59939957,5.873600006,0.134900004
061108NH05,vertical,06/11/2008,NH05,9.210689998,31.95283499,7.231400013,33.93640137,4.181399822,1.53997004,0.559199989,0.505200028,19.5788002,3.642499924,0.093199998
062408NH05,vertical,06/24/2008,NH05,9.780534887,33.53940506,7.05700016,33.95500183,3.870899916,1.420429945,1.121099949,1.604500055,38.83340073,17.21269989,0.279900014
062908NH05,1/2-m,06/29/2008,NH05,7.677185035,33.86761971,7.151899815,33.9394989,2.287500143,1.259240031,0.0559,2.173799992,49.87860107,28.56349945,0.060400002
070108NH05,vertical,07/01/2008,NH05,9.805059934,33.46598053,7.090899944,33.93479919,7.762499809,1.364030004,0.717100024,0.79610002,21.9192009,2.715600014,0.197899997
071208NH05,vertical,07/12/2008,NH05,8.327934909,33.75934963,7.065499783,33.95999908,0.418139994,1.479169965,0.413399994,2.494800091,46.042099,31.06229973,0.240199998
071808NH05,vertical,07/18/2008,NH05,8.268236838,33.61068926,7.477799892,33.90340042,2.152800083,2.382819891,0.051600002,2.222500086,41.53749847,28.49399948,0.111199997
072808NH05,vertical,07/28/2008,NH05,9.251845026,33.65132523,7.477099895,33.89419937,10.28789997,2.231590033,0.247899994,0.702199996,8.853699684,6.241700172,0.217899993
080508NH05,vertical,08/05/2008,NH05,8.990319967,33.66025982,7.281199932,33.9109993,3.353399992,1.346449971,1.195299983,0.888999999,9.189100266,8.350999832,0.227500007
081208NH05,vertical,08/12/2008,NH05,11.19607,33.02015972,7.864500046,33.81100082,11.73690033,2.137700081,1.281100035,0.801599979,23.38139915,5.623700142,0.244100004
082208NH05,vertical,08/22/2008,NH05,11.78106503,32.60279007,8.051600456,33.62540054,3.229199886,3.118170023,0.160999998,0.897000015,21.01230049,8.842100143,0.2958
090808NH05,vertical,09/08/2008,NH05,8.073389983,33.76820011,7.563300133,33.85480118,1.343430161,1.870959997,0.178000003,2.582600117,51.42350006,31.36219978,0.263200015
091608NH05,vertical,09/16/2008,NH05,9.160365009,33.38544025,7.7427001,33.82500076,39.33000183,2.038579941,0.599799991,0.100900002,0.730700016,0.299499989,0.075900003
092308NH05,vertical,09/23/2008,NH05,10.66618004,33.15216007,8.168700218,33.74029922,3.477600098,2.619019985,0.057,0.188999996,0.728600025,0.149599999,0.043400001
100108NH05,1/2-m,10/01/2008,NH05,11.19898996,33.17372017,8.549900055,33.71920013,3.757500172,3.93005991,0.025800001,0.1061,0.502300024,0.187199995,0.059
101208NH05,vertical,10/12/2008,NH05,12.1840899,32.62865009,9.4854002,33.5379982,0.784529984,4.446829796,1.822000027,0.712000012,5.118899822,3.969199896,0.186399996
102208NH05,vertical,10/22/2008,NH05,11.48905001,32.59559956,8.289099693,33.6896019,3.312000036,2.876300097,0.308499992,0.736999989,11.08329964,4.487800121,0.259900004
102708NH05,vertical,10/27/2008,NH05,9.642319965,33.23799,8.066399574,33.7696991,10.10159969,2.38973999,0.528900027,1.058400035,14.43330002,9.877400398,0.348699987
111908NH05,vertical,11/19/2008,NH05,12.45569997,32.00907993,10.78069973,32.83620071,1.527660251,5.461780071,1.040699959,0.742500007,8.535499573,4.66629982,0.246199995
112408NH05,vertical,11/24/2008,NH05,11.98546495,32.2804945,10.93159962,32.77360153,1.480049968,5.348720074,0.538100004,0.783699989,7.484000206,4.931300163,0.277799994
120808NH05,vertical,12/08/2008,NH05,11.49574504,32.28408527,9.795900345,32.99779892,1.121940017,4.848720074,0.114799999,0.704699993,6.012700081,3.6723001,0.308800012
011409NH05,vertical,01/14/2009,NH05,9.357094955,31.31306505,9.411000252,32.61880112,0.863189995,5.734620094,0.768400013,1.207299948,24.94980049,13.21850014,0.426499993
012309NH05,vertical,01/23/2009,NH05,9.012145042,32.23983994,9.338899612,32.58610153,2.173500061,5.114160061,0.114799999,1.078299999,18.30809975,10.32299995,0.243100002
020409NH05,vertical,02/04/2009,NH05,8.43465004,31.40368986,8.774299622,33.23479843,0.772109985,3.915570021,0.681500018,0.932799995,18.35969925,9.14659977,0.289099991
021709NH05,vertical,02/17/2009,NH05,8.651819992,32.43679008,8.813199997,32.70980072,1.738800168,5.600530148,0.061999999,1.083500028,15.10340023,10.72850037,0.241699994
030609NH05,vertical,03/06/2009,NH05,9.580340004,31.95019999,9.392000198,32.16949844,0.782459974,6.203909874,0.354099989,0.965900004,14.55949974,8.518300056,0.2447
032409NH05,vertical,03/24/2009,NH05,9.443770075,32.26990948,9.281200409,32.55220032,1.842300057,6.112520218,0.345299989,0.912599981,14.01539993,7.449800014,0.269300014
040409NH05,vertical,04/04/2009,NH05,8.839054966,31.67412033,7.9854002,33.72370148,9.294300079,2.40031004,0.033799998,0.223100007,4.266300201,0.55369997,0.065099999
042309NH05,vertical,04/23/2009,NH05,8.191110015,33.31203995,7.266499996,33.89310074,0.604439974,1.866269946,0.024700001,1.480200052,23.19849968,15.85389996,0.284700006
050709NH05,vertical,05/07/2009,NH05,10.34900003,31.16302089,8.748399734,33.05759811,4.347000122,5.254479885,0.245800003,0.098399997,1.153499961,0.082400002,0
051609NH05,vertical,05/16/2009,NH05,10.76559505,31.41962004,7.71420002,33.68909836,1.376550198,2.254029989,0.0416,0.207200006,0.801299989,0.0792,0.0009
052609NH05,vertical,05/26/2009,NH05,8.454144955,33.60332031,7.208399773,33.88010025,5.009399891,1.62737,0.307599992,1.782500029,33.96519852,18.6182003,0.269699991
060209NH05,vertical,06/02/2009,NH05,9.159210062,33.62020988,7.303199768,33.86589813,15.11100006,1.519530058,0.065499999,0.052099999,19.07579994,0.351700008,0.048
061409NH05,vertical,06/14/2009,NH05,8.977729988,33.07283974,7.47510004,33.76079941,0.503009975,1.842569947,0.32249999,0.195199996,1.429200053,1.261199951,0.083800003
063009NH05,1/2-m,06/30/2009,NH05,7.901895046,33.60333519,7.192699909,33.8830986,0.972750008,1.379119992,0.900200009,2.192399979,43.04600143,26.61809921,0.225799993
070809NH05,vertical,07/08/2009,NH05,9.505275035,33.51667004,7.235000134,33.8810997,9.107999802,1.299200058,0.127000004,0.171599999,3.367599964,0.221100003,0.016100001
071209NH05,vertical,07/12/2009,NH05,8.557064962,33.24254475,7.346099854,33.84069824,2.835900068,1.466199994,1.193500042,0.167799994,0.94599998,0.139699996,0.028100001
072309NH05,vertical,07/23/2009,NH05,8.217114997,33.67541504,7.216800213,33.90230179,13.26869965,1.069820046,0.136500001,1.458799958,29.71969986,16.80480003,0.305400014
072809NH05,vertical,07/28/2009,NH05,8.826045036,33.65894489,7.307799816,33.89250183,14.53139973,1.542299986,0.210999995,1.470199943,31.27779961,14.05620003,0.294999987
081409NH05,vertical,08/14/2009,NH05,10.41678424,33.43949448,7.791900158,33.77970123,1.144710183,1.516219974,0.041099999,0.170900002,0.465000004,0,0.111900002
082709NH05,vertical,08/27/2009,NH05,10.03506994,33.15086002,7.940999985,33.76610184,10.72259998,1.238980055,0.153400004,0.396200001,7.942800045,1.906700015,0.123999998
091009NH05,vertical,09/10/2009,NH05,11.59178423,32.88700044,8.20759964,33.60390091,3.146399975,2.388430119,0.269499987,0.281699985,1.019099951,0.374000013,0.0647
092209NH05,vertical,09/22/2009,NH05,14.92380505,32.53109512,8.730799675,33.35979843,15.60779953,3.662750006,0.170100003,0.148699999,1.006500006,0.219500005,0
092909NH05,1/2-m,09/29/2009,NH05,9.316635036,33.29589043,7.999400139,33.74129868,0.815250099,1.619160056,1.364199996,1.458999991,21.99510002,15.72560024,0.261999995
100509NH05,vertical,10/05/2009,NH05,10.0375351,33.1011549,8.227999687,33.63999939,11.55060005,2.090229988,0.353199989,0.291700006,2.017800093,0.573199987,0.0647
101909NH05,vertical,10/19/2009,NH05,11.89057498,32.63166008,10.02060032,33.01919937,20.90699959,5.19674015,0.1752,0.582400024,8.370200157,1.284100056,0.112000003
110409NH05,vertical,11/04/2009,NH05,12.14289999,32.17264023,9.494400024,33.1026001,20.70000076,3.973949909,0.25029999,0.722299993,10.10900021,0.838999987,0.118900001
111009NH05,vertical,11/10/2009,NH05,11.94328995,32.41207008,11.87629986,32.45389938,2.069999933,5.873169899,0.317099988,0.605000019,6.833000183,2.75270009,0.167699993
120109NH05,vertical,12/01/2009,NH05,10.86716986,32.05145531,9.864100456,33.03089905,0.573390007,4.506030083,1.429999948,0.875999987,15.52009964,7.169000149,0.343499988
122309NH05,vertical,12/23/2009,NH05,9.923484993,32.22335997,9.628499985,32.79970169,1.103309989,5.676179886,0.614000022,0.9745,18.1760006,10.38029957,0.403899997
020910NH05,vertical,02/09/2010,NH05,10.89615498,31.68721991,10.75749969,32.45690155,0.353969991,5.991909981,0.529699981,0.824100018,18.15410042,6.436200142,0.390799999
022210NH05,vertical,02/22/2010,NH05,10.90563507,32.11809015,10.92469978,32.65710068,0.778320014,5.817289829,0.256000012,0.756699979,12.77810001,5.977099895,0.357600003
031910NH05,vertical,03/19/2010,NH05,10.76547489,32.12441959,9.784999847,33.09170151,0.356040001,4.05174017,1.070000052,0.711099982,9.149999619,2.752000093,0.252600014
041110NH05,vertical,04/11/2010,NH05,10.72082505,31.6073802,10.04409981,32.72710037,1.862999797,5.327730179,0.257800013,0.353399992,9.745400429,0.903400004,0.0372
050510NH05,vertical,05/05/2010,NH05,11.13942499,30.67112503,7.982500076,33.76100159,1.593899965,2.308710098,0.087399997,0.285899997,16.91749954,1.458699942,0.064400002
051510NH05,vertical,05/15/2010,NH05,10.02449007,33.03946991,7.531199932,33.85480118,4.347000122,2.045660019,0.347299993,1.356600046,24.2553997,14.67759991,0.224900007
053010NH05,vertical,05/30/2010,NH05,11.99374209,30.91491579,8.631400108,33.34220123,2.028599739,3.391839981,0.018999999,0.203500003,3.842299938,0.288700014,0.027799999
060410NH05,vertical,06/04/2010,NH05,12.98326307,30.69657376,10.26080036,32.39849854,1.014299989,4.716110229,0.40200001,0.283199996,6.136400223,0.684599996,0.023
061810NH05,vertical,06/18/2010,NH05,10.02111998,32.74013481,7.859200001,33.7507019,1.842300177,2.298480034,0.271600008,1.486799955,28.07959938,16.1928997,0.251899987
062610NH05,vertical,06/26/2010,NH05,9.109989977,32.93745499,7.233200073,33.89049911,12.08880043,1.85450995,0.204500005,0.593299985,14.51099968,3.684700012,0.185599998
062810NH05,1/2-m,06/28/2010,NH05,9.163714981,32.89419498,7.41410017,33.84260178,8.782500267,1.965839982,0.0086,0.547399998,12.72970009,5.30670023,0.107000001
070810NH05,vertical,07/08/2010,NH05,,,,,2.670300007,,0.238399997,1.815000057,35.73109818,21.30360031,0.236499995
071510NH05,vertical,07/15/2010,NH05,8.071435022,33.56945438,6.998600006,33.93259811,2.401200056,1.78666997,0.291200012,2.431799889,49.89559937,30.95009995,0.372299999
072010NH05,vertical,07/20/2010,NH05,8.192510033,33.53666515,6.929399967,33.94039917,11.24009991,1.965090036,0.281699985,1.405200005,28.36499977,15.3125,0.300700009
072910NH05,vertical,07/29/2010,NH05,8.994869995,33.73112526,6.967599869,33.92110062,34.98300171,2.124560118,0.076499999,0.350899994,21.72900009,0.54460001,0.081200004
080710NH05,vertical,08/07/2010,NH05,8.96722638,33.33073646,7.066899776,33.88560104,19.45800018,1.846570015,0.900600016,1.068699956,23.67440033,7.461599827,0.32100001
081010NH05,vertical,08/10/2010,NH05,8.77720001,33.38715023,7.068399906,33.88460159,20.70000076,1.73924005,1.118800044,1.040500045,16.67130089,7.239699841,0.177599996
081810NH05,vertical,08/18/2010,NH05,10.14125004,33.27684021,7.232600212,33.85309982,6.085800171,1.747570038,0.156000003,0.128099993,0.775600016,0.037700001,0.0394
090310NH05,vertical,09/03/2010,NH05,9.990559912,33.25918484,7.266200066,33.82220078,28.35899925,1.367830038,0.629999995,0.433899999,11.45759964,0.014,0.0766
090910NH05,vertical,09/09/2010,NH05,10.51266494,33.14524517,7.266200066,33.82529831,24.4260006,1.33070004,0.360000014,0.143399999,11.84440041,0,0.0272
092010NH05,vertical,09/20/2010,NH05,12.17867364,32.56767353,7.886000156,33.63579941,8.093700409,2.210429907,0.154799998,0.354200006,15.24050045,0.502200007,0.133100003
092810NH05,1/2-m,09/28/2010,NH05,13.69077997,32.41665993,8.874199867,33.56800079,1.204500079,2.841739893,0.016899999,0.1479,11.09140015,0,0.057
100610NH05,vertical,10/06/2010,NH05,10.59746843,32.93914193,8.057999611,33.65639877,1.210950017,1.961169958,1.238000035,1.531999946,24.48999977,13.44499969,0.294999987
101910NH05,vertical,10/19/2010,NH05,10.18537989,33.11589012,7.989200115,33.73540115,5.050799847,1.766109943,0.003,1.276299953,24.1012001,12.20650005,0.401499987
110410NH05,vertical,11/04/2010,NH05,12.6207799,32.40592995,11.40970039,32.91270065,1.190250039,5.931330204,0.015,0.65200001,7.889999866,2.131000042,0.199000001
112410NH05,vertical,11/24/2010,NH05,10.63653173,31.9590949,11.00529957,32.93529892,0.888029993,4.755569935,1.100999951,1.006999969,15.77000046,6.133999825,0.515999973
011011NH05,vertical,01/10/2011,NH05,9.240459919,31.53658524,10.51830006,32.31499863,0.631349981,5.900849819,0.277500004,0.638700008,12.63189983,5.302700043,0.331200004
012511NH05,vertical,01/25/2011,NH05,10.09245496,30.98727999,9.808899879,32.86380005,0.786599994,4.677020073,0.401300013,0.665499985,18.76519966,6.534200191,0.364199996
021011NH05,vertical,02/10/2011,NH05,9.588004971,32.16055012,8.234000206,33.70679855,0.45539999,2.752249956,2.414200068,0.718900025,11.37969971,6.193600178,0.345200002
022611NH05,vertical,02/26/2011,NH05,8.631784964,31.69885521,9.099200249,33.00619888,1.718099833,3.87300992,0.075000003,0.666199982,9.37100029,4.008999825,0.1928
032311NH05,vertical,03/23/2011,NH05,9.688229942,31.15435505,,,1.676699996,,0.393400013,0.492399991,16.72170067,4.011600018,0.177000001
040811NH05,vertical,04/08/2011,NH05,10.10224991,30.50226994,8.52630043,33.39170074,0.875609994,3.377510071,0.190400004,0.485100001,15.7883997,2.775000095,0.135800004
041711NH05,vertical,04/17/2011,NH05,10.12365499,31.54844494,9.662799835,32.22029877,1.656000257,6.151679993,0.137400001,0.29370001,4.33920002,0.096799999,0.084899999
050911NH05,vertical,05/09/2011,NH05,9.525710011,31.46212492,8.058799744,33.59199905,1.241999984,2.497910023,0.358599991,0.270799994,30.93659973,1.564100027,0.137400001
051811NH05,vertical,05/18/2011,NH05,10.14771504,31.35027494,7.876100063,33.6711998,4.222799778,1.885740042,0.323100001,0.079400003,3.947799921,0.092500001,0.057399999
060811NH05,vertical,06/08/2011,NH05,12.22926011,30.37927008,7.743000031,33.71699905,0.977039993,1.406589985,0.369800001,0.239700004,5.249199867,0.153699994,0.088200003
062211NH05,vertical,06/22/2011,NH05,8.665779972,33.08889484,7.531899929,33.8030014,9.128700256,1.649809957,0.108400002,1.145300031,21.08690071,11.5383997,0.27669999
062711NH05,1/2-m,06/27/2011,NH05,8.356220031,33.44672012,7.566699982,33.79219818,11.55000019,1.426249981,0.098099999,1.176599979,30.82640076,15.37779999,0.204600006
070611NH05,vertical,07/06/2011,NH05,8.656821151,32.98514718,7.394199848,33.87329865,0.529919982,1.831689954,2.449899912,1.797399998,22.83180046,18.69750023,0.348399997
072211NH05,vertical,07/22/2011,NH05,12.10046487,32.86815014,7.528900146,33.8321991,3.560400009,1.192559958,0.613499999,0.453099996,14.47949982,1.679999948,0.133200005
080411NH05,vertical,08/04/2011,NH05,9.430552633,33.78079444,7.16960001,33.9090004,23.18400002,1.52057004,1.192000031,1.373999953,46.25,16.54999924,0.405000001
081711NH05,vertical,08/17/2011,NH05,8.379090047,33.30357533,7.35379982,33.86790085,17.30520058,0.99180001,0.861000001,1.008999944,14.22000027,12.36400032,0.148000002
090111NH05,vertical,09/01/2011,NH05,9.31140995,33.54438496,7.544300079,33.81940079,15.64920044,0.617540002,0.725000024,0.785000026,6.300000191,10.38899994,0.303000003
091311NH05,vertical,09/13/2011,NH05,9.542114973,33.47156525,7.69630003,33.79800034,7.017300129,0.609340012,0.061999999,1.592000008,29.85000038,18.85000038,0.351999998
092011NH05,vertical,09/20/2011,NH05,10.16582508,33.18046532,7.859000206,33.78359985,,0.904100001,,,,,
092611NH05,1/2-m,09/26/2011,NH05,13.82992496,32.09429474,9.040699959,33.57320023,0.671250105,3.513079882,0.86619997,0.390599996,10.91119957,3.241499901,0.1171
092911NH05,vertical,09/29/2011,NH05,14.85145502,32.28715019,11.81709957,33.07189941,2.628900051,5.623789787,0.210999995,0.291000009,0.699999988,0.059999999,0.027000001
101511NH05,vertical,10/15/2011,NH05,15.06601996,31.88925018,8.808099747,33.38769913,0.778320014,3.26473999,0.291999996,0.358999997,1.549999952,0.170000002,0.028999999
102611NH05,vertical,10/26/2011,NH05,10.80833988,32.67334003,8.154899597,33.68099976,1.264770031,2.528949976,0.361000001,1.059999943,15.61999989,9.979999542,0.296000004
112911NH05,vertical,11/29/2011,NH05,11.16150999,32.29033003,10.80510044,32.50299835,0.943920016,5.844590187,0.711000025,0.791999996,13.97000027,7.889999866,0.293000013
121011NH05,vertical,12/10/2011,NH05,9.864714956,32.6166853,9.2833004,33.37649918,3.167099953,3.971369982,0.027000001,0.757000029,11.39000034,6.840000153,0.208000004
010812NH05,vertical,01/08/2012,NH05,9.271168408,32.28998947,9.21020031,32.72460175,0.885080218,6.018569946,0.310000002,1.013000011,20.93000031,11.94999981,0.307000011
022412NH05,vertical,02/24/2012,NH05,9.02405784,31.60844753,8.776800156,33.15679932,0.653659999,4.536839962,0.381000012,0.856000006,15.97000027,7.809999943,0.270000011
030712NH05,vertical,03/07/2012,NH05,8.497021023,31.48496839,,,0.984549999,,0.150999993,0.823000014,13.05000019,7.449999809,0.187999994
032512NH05,vertical,03/25/2012,NH05,8.713334942,31.33617029,8.81099987,32.52000046,0.765309989,6.15515995,0.230000004,0.860000014,30.62000084,10.90999985,0.213
040712NH05,vertical,04/07/2012,NH05,9.725654984,30.26444483,9.074700356,32.54449844,0.986580014,6.068019867,0.0186,0.72299999,30.47410011,8.850399971,0.199699998
041412NH05,vertical,04/14/2012,NH05,10.15035253,31.25016845,9.219900131,32.53570175,4.222400188,6.194049835,0.749899983,0.340999991,24.83799934,2.465500116,0.142299995
050412NH05,vertical,05/04/2012,NH05,10.99095993,31.72911005,8.877200127,32.95640182,2.00970006,4.558129787,0.120700002,0.279599994,5.72329998,0.199399993,0.037099998
051912NH05,vertical,05/19/2012,NH05,8.437473799,33.38024762,7.067800045,33.91329956,6.800499916,2.069590092,0.314700007,0.889599979,22.30500031,7.588099957,0.231900007
052912NH05,vertical,05/29/2012,NH05,10.72262101,31.94759449,7.281099796,33.87080002,0.55418998,1.970870018,0.063299999,0.118600003,1.265300035,0.107900001,0.0449
061012NH05,vertical,06/10/2012,NH05,12.34498992,31.2516901,7.537000179,33.71770096,0.77342999,2.001950026,0.083899997,0.1382,1.986299992,0.214200005,0.0425
062512NH05,vertical,06/25/2012,NH05,10.74389,32.02423992,7.480000019,33.79959869,0.783580005,,0.195500001,0.1061,18.78199959,0.283800006,0.0222
062812NH05,1/2-m,06/28/2012,NH05,11.97687492,31.1762002,7.419099808,33.80759811,0.474991083,1.641440034,0.0416,0,7.021500111,0.174199998,0.033
070712NH05,vertical,07/07/2012,NH05,8.464657859,33.03674176,7.381000042,33.82350159,7.531300068,,-0.0004,0.855499983,14.7038002,9.552399635,0.214000002
072012NH05,vertical,07/20/2012,NH05,10.78150504,32.36029463,7.402999878,33.81710052,3.024699926,,0.110299997,0.152500004,9.369199753,0.121699996,0.043900002
072012NH05B,vertical,07/20/2012,NH05,9.298947384,33.09442088,7.381000042,33.82500076,7.368899822,1.658589959,,,,,
080712NH05,vertical,08/07/2012,NH05,9.865252595,33.34804736,7.436399937,33.80149841,3.796099901,0.811990023,0.023700001,0.216399997,4.014800072,0.0108,0.0264
082112NH05,vertical,08/21/2012,NH05,9.183160019,33.55182495,7.431900024,33.83909988,14.90019989,1.44994998,0.473199993,0.496399999,1.256000042,1.130800009,0.172499999
090612NH05,vertical,09/06/2012,NH05,8.92980504,33.36698017,7.765500069,33.73509979,3.430700064,2.384170055,0.291999996,1.84800005,28.94669914,22.43260002,0.255699992
091612NH05,vertical,09/16/2012,NH05,8.688355064,33.36513996,7.638100147,33.79169846,0.621179998,1.052629948,0.564100027,2.397900105,44.39709854,28.37210083,0.295899987
092912NH05B,1/2-m,09/29/2012,NH05,8.9004601,33.25923023,7.821199894,33.70959854,1.244478345,1.783769965,0.206499994,1.681200027,26.92440033,18.58449936,0.297600001
100712NH05,vertical,10/07/2012,NH05,8.869985008,33.20659504,7.898900032,33.73270035,2.537499905,2.232539892,0.531000018,1.394999981,20.57250023,15.01430035,0.1796
102512NH05,vertical,10/25/2012,NH05,11.68500009,32.76929493,11.3125,32.92369843,0.742980003,5.848420143,1.192399979,1.058799982,14.68410015,9.060199738,0.257099986
111312NH05,vertical,11/13/2012,NH05,12.20215497,32.64876003,11.98159981,32.72829819,0.568400025,5.741600037,0.383399993,0.766300023,9.686800003,5.116399765,0.210500002
112612NH05,vertical,11/26/2012,NH05,11.99510002,31.65876532,12.19040012,32.51589966,0.688170016,5.628530025,1.073799968,0.743700027,23.08519936,7.25909996,0.2764
123012NH05,vertical,12/30/2012,NH05,10.3685751,31.05051498,10.95549965,32.45999908,0.722679973,5.662119865,0.458799988,0.74059999,25.41139984,6.80009985,0.529699981
011413NH05,vertical,01/14/2013,NH05,9.47528491,31.62797985,9.330900192,33.12039948,0.688170016,4.503660202,0.206,0.694500029,14.87559986,4.94960022,0.283199996
021413NH05,vertical,02/14/2013,NH05,9.555860043,31.75212517,8.758000374,33.24860001,0.828239977,3.7292099,0.303000003,0.502600014,1.653800011,0.488599986,0.084299996
030113NH05,vertical,03/01/2013,NH05,9.073084229,31.72289999,,,,,,,,,
030313NH05,vertical,03/03/2013,NH05,9.059763105,31.35694735,8.414999962,33.45980072,1.098230004,2.914419889,0.316795856,0.391635031,4.469852448,0.837055802,0.075234547
031013NH05,vertical,03/10/2013,NH05,8.994552612,31.77961018,8.474300385,33.34790039,1.461600184,3.32852006,0.105300002,0.418500006,7.539599895,0.411300004,0.043699998
031813NH05,vertical,03/18/2013,NH05,9.287545013,31.46266003,8.187299728,33.56930161,1.021090031,2.977109909,0.368499994,0.490399987,7.633200169,0.935500026,0.121100001
040113NH05,vertical,04/01/2013,NH05,,,,,0.692229807,,0.171000004,0.478100002,3.675199986,0.139799997,0.0361
041613NH05,vertical,04/16/2013,NH05,9.941199923,31.62898521,7.608500004,33.83200073,2.050299883,2.068200111,0.055,0.535399973,7.559599876,0.581200004,0.078000002
042713NH05,vertical,04/27/2013,NH05,8.472925043,33.49868984,7.38380003,33.90129852,5.907299995,1.430520058,0.535899997,1.716099977,31.2798996,17.99279976,0.205400005
050813NH05,vertical,05/08/2013,NH05,9.119140005,33.39775038,7.221399784,33.91859818,8.221500397,1.586930037,0.026799999,0.292499989,6.558599949,0.247999996,0.0403
053013NH05,vertical,05/30/2013,NH05,11.928195,31.76699486,7.909100056,33.50239944,1.441299796,2.642750025,0.055399999,0.346100003,3.587599993,0.141900003,0.030200001
060713NH05,vertical,06/07/2013,NH05,8.944329929,33.36290016,7.116899967,33.91059875,4.2427001,1.284229994,0.604099989,1.394199967,23.57040024,15.00979996,0.245299995
061913NH05,vertical,06/19/2013,NH05,11.43221006,32.53784456,7.193900108,33.89770126,2.436000109,1.103860021,0.0297,0.25999999,2.907299995,0.060699999,0.0286
062713NH05,1/2-m,06/27/2013,NH05,15.40341001,30.41029997,7.673099995,33.69390106,0.27655074,1.920680046,0.3389,0.0832,4.52519989,0.508300006,0.065800004
070913NH05,vertical,07/09/2013,NH05,8.575595021,33.60956459,7.177299976,33.88880157,9.622200012,0.944090009,0.606599987,1.719799995,17.34519958,17.33309937,0.325399995
072313NH05,vertical,07/23/2013,NH05,,,,,7.470399857,,0.158600003,1.974499941,34.5904007,24.46450043,0.220200002
072913NH05,vertical,07/29/2013,NH05,8.095240021,33.82613506,6.951900005,33.93650055,15.87460041,1.581230044,0.091899998,1.184700012,36.76050186,12.0255003,0.290300012
080913NH05,vertical,08/09/2013,NH05,,,,,15.28590012,,0.34799999,1.604599953,19.09630013,17.85379982,0.304800004
082513NH05,vertical,08/25/2013,NH05,9.378199983,33.56072445,7.704800129,33.83620071,7.612500191,1.595589995,0.0348,0.303600013,0.901600003,0.029999999,0.313600004
091113NH05,vertical,09/11/2013,NH05,9.270075035,33.10407524,8.209500313,33.7621994,1.948799968,2.360239983,0.986599982,1.309499979,15.05700016,13.46510029,0.440699995
092613NH05,vertical,09/26/2013,NH05,14.67866492,32.42096024,11.83080006,33.21530151,2.23300004,5.09525013,0.4833,0.309399992,0.416999996,0,0.270900011
100413NH05,vertical,10/04/2013,NH05,14.77631497,32.34341507,11.13339996,33.31579971,0.448630005,4.29282999,0.782400012,0.505400002,5.084599972,1.82009995,0.413800001
102213NH05,vertical,10/22/2013,NH05,9.651814985,33.12466984,8.604000092,33.69660187,7.653100014,2.767529964,0.2509,0.80400002,13.57960033,6.500999928,0.505599976
110913NH05,vertical,11/09/2013,NH05,9.748554945,33.31055489,9.313699722,33.48109818,10.43420029,4.413099766,0.477999985,0.823000014,11.56809998,4.413899899,0.169400007
112213NH05,vertical,11/22/2013,NH05,10.64946995,32.57771969,10.1697998,32.97859955,,4.992340088,1.101199985,0.843400002,8.213199615,6.518300056,0.232099995
120913NH05,vertical,12/09/2013,NH05,9.000929976,32.55764523,9.097399712,33.41669846,3.268300056,3.865880013,0.0033,0.788399994,8.69699955,6.203299999,0.211300001
011614NH05,vertical,01/16/2014,NH05,8.701699972,32.95989952,8.549500465,33.18930054,0.799820006,5.722949982,0.114799999,1.237300038,17.02339935,12.91629982,0.279300004
020414NH05,vertical,02/04/2014,NH05,8.991565037,32.49699993,8.752799988,33.11470032,1.54279983,5.307209969,0.244900003,0.921899974,16.17169952,9.888799667,0.190699995
022314NH05,vertical,02/23/2014,NH05,10.06690512,31.07432985,9.486499786,32.82709885,0.933799982,6.031750202,0.524100006,0.904600024,25.99799919,9.670399666,0.295300007
040114NH05,vertical,03/31/2014,NH05,10.64649,31.85364027,10.34379959,32.3105011,1.380399942,6.374639988,0.356400013,0.500100017,19.64030075,5.121500015,0.117700003
040814NH05,vertical,04/08/2014,NH05,11.46630502,32.23838501,10.28610039,32.37919998,1.725499988,6.110879898,0.086199999,0.510200024,6.277100086,0.620500028,0.060199998
042514NH05,vertical,04/25/2014,NH05,10.85674505,31.75210028,10.09020042,32.26610184,2.618700027,5.722839832,0.38409999,0.369599998,2.256999969,0.740800023,0.049699999
050614NH05,vertical,05/06/2014,NH05,12.55848489,31.58356991,10.54769993,32.4197998,0.54606998,5.161580086,0.057799999,0.342099994,6.910900116,0.704900026,0.0288
051914NH05,vertical,05/19/2014,NH05,13.38801999,31.67396517,8.20759964,33.55609894,0.629299998,2.543200016,0.0766,0.276499987,0.775699973,0,0.105300002
061114NH05,vertical,06/11/2014,NH05,8.193635082,33.57604523,6.975699902,33.95069885,2.070600033,1.471410036,0.237900004,1.453400016,27.10549927,13.9218998,0.282900006
062714NH05,1/2-m,06/27/2014,NH05,10.62884488,32.29237022,7.738200188,33.78950119,9.31887722,1.235470057,0.0174,0.306199998,5.995100021,1.703699946,0.068899997
070614NH05,vertical,07/06/2014,NH05,12.28558998,32.50318565,7.73570013,33.71340179,4.486299992,1.434839964,0.1875,0.120899998,0.792699993,0.097400002,0.0451
072214NH05,vertical,07/22/2014,NH05,9.025579977,33.46390018,7.531099796,33.84019852,28.82600021,1.382019997,0.360100001,0.630699992,5.945600033,0,0.189500004
080614NH05,vertical,08/06/2014,NH05,9.002490091,33.31822491,7.550199986,33.79100037,17.84370041,1.397660017,0.41839999,0.846599996,6.911799908,6.566100121,0.206100002
082014NH05,vertical,08/20/2014,NH05,9.686744928,33.35011005,7.743199825,33.74620056,8.93200016,0.942009985,0.196899995,0.542699993,1.463000059,0.1193,0.141900003
090714NH05,vertical,09/07/2014,NH05,9.890795088,33.20636005,8.102800369,33.55670166,14.1491003,1.706859946,0.152899995,0.308400005,0.677600026,0.627900004,0.088399999
092514NH05,vertical,09/25/2014,NH05,,,10.35449982,33.14630127,0.509530008,5.125219822,0.624899983,0.428000003,2.275700092,0.197999999,0.046500001
093014NH05,vertical,09/30/2014,NH05,14.79206117,32.36684439,11.19789982,33.04460144,0.314649999,5.498660088,0.610800028,0.467700005,3.961899996,0.443899989,0.143199995
100814NH05,vertical,10/08/2014,NH05,13.71389999,32.52128983,8.931599617,33.33069992,1.161159992,3.43095994,0.189600006,0.308200002,0.542100012,0.0251,0.045600001
102714NH05,vertical,10/27/2014,NH05,14.47800503,32.81525536,14.36999989,32.81890106,0.424270004,5.559999943,0.932799995,0.620999992,4.610000134,1.771100044,0.282099992
110714NH05,vertical,11/07/2014,NH05,14.75376997,32.63655014,14.6548996,32.67440033,0.357279986,5.462920189,1.113999963,0.557500005,4.72840023,1.354400039,0.224099994
110814NH05,vertical,11/08/2014,NH05,14.74526501,32.07578001,14.59160042,32.68470001,1.494079947,5.362569809,1.07009995,0.573300004,8.134799957,1.543300033,0.223800004
010115NH05,vertical,12/31/2014,NH05,12.08237996,31.80922995,13.28709984,32.85160065,0.32683,4.769579887,0.153600007,0.78490001,14.28489971,6.086100101,0.826399982
010615NH05,vertical,01/06/2015,NH05,12.50694205,32.27937397,12.74660015,32.47800064,0.306529999,5.523880005,0.286300004,0.796599984,8.046899796,4.057600021,0.224800006
012115NH05,vertical,01/21/2015,NH05,12.47457991,31.68614464,12.51650047,32.37319946,0.302469999,5.868959904,0.710200012,0.686100006,17.60639954,5.171999931,0.340600014
013115NH05,vertical,01/31/2015,NH05,12.15139991,31.72937383,12.11089993,32.59069824,4.080299854,5.092820168,0.098700002,0.362699986,4.635300159,0.252600014,0.1087
020415NH05,vertical,02/04/2015,NH05,12.35205264,31.59876301,12.23560047,32.52619934,3.755500078,5.327640057,0.386000007,0.463400006,4.641300201,0.265899986,0.146300003
021815NH05,vertical,02/18/2015,NH05,12.52372994,31.61720991,12.21389961,32.49380112,2.090899944,5.206570148,0.237499997,0.568499982,8.649399757,1.661900043,0.244599998
030415NH05,vertical,03/04/2015,NH05,11.69810495,32.22645006,9.168000221,33.50450134,1.887899995,3.073460102,0.239600003,0.438199997,2.413500071,0.102399997,0.0458
032615NH05,vertical,03/26/2015,NH05,12.27485499,31.98173504,11.41689968,32.4679985,0.675989985,4.935599804,0.068300001,0.365999997,5.777200222,0.332899988,0.058899999
040715NH05,vertical,04/07/2015,NH05,12.01227002,31.26282501,10.1104002,33.00009918,0.251720011,3.591300011,0.0539,0.297800004,1.354500055,0.0135,0.0528
042715NH05,vertical,04/27/2015,NH05,10.25423007,32.72938032,8.163999557,33.75839996,3.714900017,2.308599949,0.055300001,0.351700008,5.637899876,0.0592,0.074699998
050715NH05,vertical,05/07/2015,NH05,9.057730007,33.16344032,7.160099983,33.92720032,0.710500002,2.005199909,0.836799979,1.463199973,28.75790024,16.22229958,0.215100005
051315NH05,vertical,05/13/2015,NH05,9.496536857,32.6454792,7.293399811,33.91619873,,1.868100047,,,,,
051915NH05,vertical,05/19/2015,NH05,9.259200001,32.81948967,7.547299862,33.85589981,3.897599936,2.07130003,0.543799996,0.788600028,15.55010033,6.416600227,0.297899991
061015NH05,vertical,06/10/2015,NH05,,,,,0.130934998,,0.674099982,3.309000015,43.26250076,25.55019951,0.2245
061615NH05,vertical,06/16/2015,NH05,7.897935009,33.84821472,7.442399979,33.86000061,7.693699837,2.35739994,0.171100006,1.750499964,36.79779816,21.11650085,0.269400001
062815NH05,1/2-m,06/28/2015,NH05,8.969044971,33.52597961,7.433000088,33.81110001,9.389637947,2.574800014,0.094300002,0.4745,5.32460022,3.01970005,0.275099993
070315NH05,vertical,07/03/2015,NH05,9.880769968,33.32983952,7.585000038,33.74530029,,2.562900066,,,,,
071515NH05,vertical,07/15/2015,NH05,12.52500496,33.26376991,8.344599724,33.69520187,0.284619987,3.092799902,0.499799997,0.413899988,2.211600065,0.343800008,0.0189
072615NH05,vertical,07/26/2015,NH05,13.35476484,33.24962997,8.165599823,33.64070129,0.582080007,2.77850008,0.146699995,0.303000003,2.217200041,0,0.067000002
080815NP42-24_NH05,vertical,08/08/2015,NH05,10.11848814,33.07269467,8.180999756,33.64419937,,2.958800077,,,,,
081015NH05,vertical,08/10/2015,NH05,10.1610199,33.26837997,8.327699661,33.67539978,6.120399952,2.527899981,1.216899991,1.039899945,1.997900009,0.637600005,0.172499999
082615NH05,vertical,08/26/2015,NH05,9.900620031,33.30822563,8.809300423,33.62950134,1.801880002,2.66869998,0.158399999,0.474700004,0.726499975,0.177000001,0.072099999
090315NH05,vertical,09/03/2015,NH05,13.87253337,33.05301624,10.66730022,33.41719818,,7.008500099,,,,,
091615NH05,vertical,09/16/2015,NH05,10.56058889,33.01739968,8.785699844,33.49069977,,2.943599939,,,,,
092315NH05,vertical,09/23/2015,NH05,11.06525559,32.77207798,9.100799561,33.42200089,,3.192600012,0.842499971,1.181900024,9.262399673,6.643599987,0.180999994
092915NH05,vertical,09/29/2015,NH05,10.50941046,33.1466737,9.172699928,33.55039978,2.888999939,2.510299921,0.357600003,0.71450001,3.269000053,0.825999975,0.146699995
100715NH05,vertical,10/07/2015,NH05,11.94593901,32.80518341,9.493800163,33.47980118,4.00180006,3.055500031,0.711000025,0.709699988,3.087300062,2.330499887,0.172999993
101315NH05,vertical,10/13/2015,NH05,13.66371663,32.26902178,9.837300301,33.4280014,1.313959956,3.537400007,1.118800044,0.359699994,0.726400018,0.264699996,0.078000002
110315NH05,vertical,11/03/2015,NH05,14.00150525,32.7863892,12.69709969,33.00830078,0.231120005,5.00150013,0.938000023,0.565299988,3.995199919,2.470000029,0.203500003
010816NH05,vertical,01/08/2016,NH05,10.60172005,31.64730482,11.39490032,32.44540024,0.674099982,5.604700089,0.118000001,0.640100002,11.72889996,3.915299892,0.552299976
012316NH05,vertical,01/23/2016,NH05,,,,,,,,,,,
021716NH05,vertical,02/17/2016,NH05,,,,,,,,,,,
031116NH05,vertical,03/11/2016,NH05,,,,,,,,,,,
032216NH05,vertical,03/22/2016,NH05,,,,,,,,,,,
032616NH05,vertical,03/26/2016,NH05,12.09609504,30.26071491,11.24489975,32.4394989,0.719039977,5.489600182,0.491699994,0.396899998,14.3135004,0.190300003,0.092600003
041816NH05,vertical,04/18/2016,NH05,12.20155005,31.6508749,11.08640003,32.14099884,0.276059985,6.041699886,1.311200023,0.343699992,6.393499851,0.47330001,0.114500001
042616NH05,vertical,04/26/2016,NH05,12.89440508,31.60850983,10.04920006,32.95029831,,3.632999897,,,,,
042816NH05,vertical,04/28/2016,NH05,12.47093673,31.05915772,9.246899605,33.41090012,0.59491998,2.806699991,0.051800001,0.169599995,3.342299938,-0.0015,0.030400001
051216NH05,vertical,05/12/2016,NH05,9.842145061,33.42228012,8.166199684,33.77519989,2.011600018,2.475800037,0.232899994,1.4454,30.91559982,13.52330017,0.353300005
052416NH05,vertical,05/24/2016,NH05,12.50652499,31.84088488,8.417499542,33.69589996,0.864560008,2.273400068,0.094899997,0.161200002,6.772299767,0,0.0407
061216NH05,vertical,06/12/2016,NH05,10.24727497,32.83591576,7.77120018,33.85240173,21.61400032,2.518399954,0.474400014,0.594900012,6.146100044,1.966799974,0.0955
062316NH05,vertical,06/23/2016,NH05,11.68078003,32.51358995,,,6.912199974,,0.025900001,0.504599988,0.882700026,0.1241,0.079300001
062916NH05,1/2-m,06/29/2016,NH05,9.595695066,33.64762497,7.818200111,33.8280983,7.451231956,1.983299971,0.508000016,1.406800032,17.87039948,16.93000031,0.30430001
070716NH05,vertical,07/07/2016,NH05,9.07414999,33.66231976,7.487800121,33.89830017,14.68039989,1.673799992,0.364499986,0.31400001,5.806300163,0.072700001,0.027799999
080116NH05,vertical,08/01/2016,NH05,8.570935011,33.67666473,7.311200142,33.91799927,10.87119961,1.844799995,0.40110001,2.168299913,46.40729904,25.40740013,0.164499998
082116NH05,vertical,08/21/2016,NH05,9.153875017,33.47249527,7.499800205,33.89410019,8.838199615,1.979500055,0.213,0.561800003,3.916500092,0.555100024,0.028000001
090616NH05,vertical,09/06/2016,NH05,12.34997997,33.35799503,8.67029953,33.74119949,0.646279991,2.469300032,0.093900003,0.240700006,1.233999968,0.090999998,0
092016NH05,vertical,09/20/2016,NH05,11.38160505,33.40428505,8.179800034,33.7879982,6.441400051,1.441499949,0.31400001,0.46360001,0.271200001,0.234599993,0.022399999
101116NH05,vertical,10/11/2016,NH05,12.39144215,33.05919467,9.635899544,33.62860107,4.750800133,4.43900013,0.956399977,0.640100002,2.352799892,2.7651999,0.130799994
111816NH05,vertical,11/18/2016,NH05,14.13193984,32.38307037,14.17780018,32.50799942,0.644140005,5.69119978,0.825299978,0.631299973,5.146800041,3.549400091,0.0902
120616NH05,vertical,12/06/2016,NH05,12.49912101,31.54918942,12.96440029,32.69419861,0.669820011,5.21969986,0.695800006,0.59890002,11.58380032,4.687799931,0.271200001
011217NH05,vertical,01/12/2017,NH05,9.925604868,31.95680037,10.39150047,32.41989899,2.289799929,5.988299847,0.4833,0.707599998,16.35280037,3.574500084,0.189300001
020117NH05,vertical,02/01/2017,NH05,9.932640076,31.60730019,10.29940033,32.82160187,0.477219999,4.928500175,0.313899994,1.00059998,18.99440002,8.177399635,0.510900021
021717NH05,vertical,02/17/2017,NH05,10.73470004,31.06933901,10.68529987,32.51990128,0.804639995,6.008699894,0.031300001,0.806100011,22.18600082,6.60890007,0.222499996
022517NH05,vertical,02/25/2017,NH05,10.48357644,31.30572353,10.85009956,31.90570068,0.661260009,6.007999897,0.553600013,0.865700006,16.64439964,5.729000092,0.329100013
032017NH05,vertical,03/20/2017,NH05,10.44359488,31.53498993,10.39529991,32.49750137,2.568000078,5.923399925,0.76819998,0.700100005,20.6196003,5.625400066,0.233899996
041117NH05,vertical,04/11/2017,NH05,10.55203495,31.89560995,10.34109974,32.44729996,3.188600063,6.102600098,0.341600001,0.493999988,10.06219959,0.568899989,0.085199997
042717NH05,vertical,04/27/2017,NH05,11.25548945,31.92225788,10.54119968,32.57189941,4.686600208,5.615799904,0.390599996,0.296099991,19.60549927,0.988099992,0.1197
052117NH05,vertical,05/21/2017,NH05,10.28912359,32.37189394,7.990200043,33.8288002,0.408740014,2.29640007,1.878900051,0.600499988,5.069200039,1.862499952,0.288700014
061217NH05,vertical,06/12/2017,NH05,12.50755501,31.50566988,8.604800224,33.65990067,1.890900016,1.975299954,0.287800014,0.354200006,6.594799995,4.415500164,0.051100001
062817NH05,1/2-m,06/28/2017,NH05,9.837719965,33.49886036,7.853300095,33.86759949,2.396086931,1.819000006,0,0.150999993,2.487699986,0.0823,0.036200002
070617NH05,vertical,07/06/2017,NH05,8.355189943,33.76181984,7.382400036,33.94430161,10.50500011,1.716599941,0.791400015,1.771600008,34.31560135,23.13929939,0.319599986
071217NH05,vertical,07/12/2017,NH05,8.744949961,33.82933025,7.539800167,33.91899872,7.86920023,1.712100029,1.258900046,1.77760005,36.5617981,21.39299965,0.386200011
072717NH05,vertical,07/27/2017,NH05,9.089989996,33.88701,7.51210022,33.93059921,10.81060028,1.023000002,1.222900033,1.905099988,32.6678009,20.70100021,0.395999998
080817NH05,vertical,08/08/2017,NH05,9.175020027,33.59969997,7.709000111,33.91669846,8.595000267,1.226199985,2.684099913,0.747699976,7.693699837,1.309499979,0.140699998
090617NH05,vertical,09/06/2017,NH05,9.443457955,33.6931578,8.006699562,33.86640167,19.29100037,0.287600011,0.637300014,0.764699996,3.884399891,0.275599986,0.105999999
092217NH05,vertical,09/22/2017,NH05,12.89405003,33.15810528,9.634300232,33.74129868,3.323400021,3.441900015,1.12530005,0.686500013,0.569599986,0.287600011,0.074299999
100417NH05,vertical,10/04/2017,NH05,12.61944499,33.28441029,9.459799767,33.73870087,0.926349998,2.841599941,8.210900307,1.57889998,3.65809989,1.263700008,0.174999997
102617NH05,vertical,10/26/2017,NH05,11.80575013,32.75323505,11.37930012,33.0257988,0.723890007,5.326099873,2.400599957,1.008000016,4.862299919,4.815700054,0.212699994
110617NH05,vertical,11/06/2017,NH05,11.80756011,32.61051006,9.803799629,33.36830139,2.903199911,3.621900082,0.624000013,0.730499983,3.308000088,3.290899992,0.179900005
120417NH05,vertical,12/04/2017,NH05,11.24993159,32.24040001,11.7191,32.89509964,0.823210001,5.620999813,1.05490005,1.078299999,14.77569962,8.181599617,0.335900009
121817NH05,vertical,12/18/2017,NH05,10.76339476,32.5283685,10.74870014,33.3260994,0.538619995,4.332099915,0.224600002,0.874899983,10.37310028,6.341599941,0.342400014
020618NH05,vertical,02/06/2018,NH05,11.0404,31.46343693,10.57279968,33.02090073,1.128810048,4.886099815,0.2421,0.748700023,22.61989975,6.793700218,0.263000011
022718NH05,vertical,02/27/2018,NH05,9.21969996,31.39608393,9.453900337,33.54999924,4.813199997,3.061800003,0.0735,0.328000009,1.012400031,0.100199997,0.043400001
030518NH05,vertical,03/05/2018,NH05,9.281111081,31.5525945,10.0717001,32.48899841,,5.647099972,0.4111,0.369300008,4.689899921,0.74000001,0.057500001
031818NH05,vertical,03/18/2018,NH05,9.852994718,32.20732639,9.857199669,32.45280075,,5.82490015,,,,,
040918NH05,vertical,04/09/2018,NH05,10.12326994,31.94339476,10.12720013,32.10850143,3.667200089,6.365799904,0.172000006,0.419,6.354400158,0.690800011,0.0722
042318NH05,vertical,04/23/2018,NH05,10.05670013,32.51654987,8.378600121,33.79970169,0.699060023,2.440000057,1.622300029,0.770399988,9.444499969,3.77609992,0.142399997
050718NH05,vertical,05/07/2018,NH05,10.74714994,32.11340555,8.48390007,33.78290176,6.914199829,2.397399902,0.542599976,0.500800014,3.739300013,2.418200016,0.097099997
052118NH05,vertical,05/21/2018,NH05,10.57899508,32.45201502,8.326299667,33.83240128,1.304530025,1.729300022,2.588900089,0.316199988,1.521900058,0.388500005,0.037999999
052918NH05,vertical,05/29/2018,NH05,,,,,11.88020039,,2.41989994,1.159500003,14.69069958,10.46809959,0.187600002
060618NH05,vertical,06/06/2018,NH05,9.828010082,33.40564022,7.970699787,33.87329865,5.615399837,1.631700039,0.127000004,0.312599987,3.41689992,1.116799951,0.080200002
062718NH05,1/2-m,06/27/2018,NH05,8.81408999,33.74911442,7.763899803,33.92200089,0.613611639,1.087100029,0.160699993,1.76849997,24.22710037,20.93490028,0.331999987
071018NH05,vertical,07/10/2018,NH05,11.61681577,32.42383124,7.835299969,33.91040039,3.552599907,1.072399974,0.300999999,0.227300003,0.275999993,0,0
071718NH05,vertical,07/17/2018,NH05,9.069019985,33.72341499,7.85379982,33.89960098,1.623499751,1.282199979,0.624199986,2.042700052,39.29639816,24.35390091,0.291999996
082118NH05,vertical,08/21/2018,NH05,9.382649994,33.41035976,8.005800247,33.86489868,5.882800102,0.417199999,0.46509999,1.493899941,12.54100037,13.60009956,0.123800002
092018NH05,vertical,09/20/2018,NH05,13.21670537,32.85142617,8.589500427,33.73149872,0.233019993,1.326200008,0.0121,0.390599996,0.2183,0.177699998,0
092718NH05,vertical,09/27/2018,NH05,9.797636936,33.45510583,8.507699966,33.78580093,2.196500063,1.133700013,1.27699995,1.114099979,5.635900021,8.004300117,0.097800002
101118NH05,vertical,10/11/2018,NH05,12.41330504,33.07007484,9.208900452,33.60979843,0.899609983,2.796000004,0.722000003,0.666400015,2.984499931,3.696899891,0.089199997
101518NH05,vertical,10/15/2018,NH05,11.06818004,33.22111034,8.867400169,33.71699905,2.311100006,2.246500015,1.840000033,1.032400012,7.248300076,6.444499969,0.133100003
110818NH05,vertical,11/08/2018,NH05,12.53190503,32.75105038,10.52149963,33.43379974,2.941400051,4.245600224,1.139999986,0.873199999,4.494599819,3.397700071,0.341500014
120618NH05,vertical,12/06/2018,NH05,10.42461491,33.07576981,10.29940033,33.27489853,0.848039985,5.126200199,0.252999991,1.093700051,9.343700409,8.932900429,0.401300013
011319NH05,vertical,01/13/2019,NH05,11.11394501,32.47185993,11.31190014,32.64009857,0.36480999,5.769599915,0.213,0.773400009,5.436600208,3.442800045,0.539399981
021819NH05,vertical,02/18/2019,NH05,10.75917006,32.46270046,10.8888998,32.52270126,0.997020006,6.032100201,0.45539999,0.697399974,4.346899986,1.986500025,0.352800012
030419NH05,vertical,03/04/2019,NH05,9.166644955,31.17701483,10.63269997,32.53469849,1.642599821,5.844600201,0.473500013,0.314999998,1.841400027,0.0704,0.0469
033119NH05,vertical,03/31/2019,NH05,11.03389997,31.97885017,10.28450012,32.64970016,0.343800008,4.668000221,0.035799999,0.437900007,1.297799945,0.206100002,0.0239
041819NH05,vertical,04/18/2019,NH05,11.61438179,31.1972273,10.86559963,32.39239883,5.730000019,5.912700176,0.0251,0.236399993,10.3149004,0.138999999,0.053800002
042919NH05,vertical,04/29/2019,NH05,9.028053031,33.31609995,7.565100193,33.90679932,,2.232599974,,,,,
050719NH05,vertical,05/07/2019,NH05,9.42469423,32.82038229,7.688899994,33.91329956,6.97149992,2.386199951,0.1021,1.065000057,11.18430042,7.499000072,0.209900007
052419NH05,vertical,05/24/2019,NH05,11.63681765,31.71216471,8.63710022,33.6576004,0.559629977,,0.354900002,0.535300016,3.047499895,1.170400023,0.072700001
060519NH05,vertical,06/05/2019,NH05,9.576938841,33.35336685,7.732600212,33.88299942,,,,,,,
061719NH05,vertical,06/17/2019,NH05,8.939045,33.64350986,7.437799931,33.93310165,9.511799812,1.736600041,0.309300005,1.72420001,24.57489967,17.63640022,0.257400006
062719NH05,1/2-m,06/27/2019,NH05,10.3881351,33.27854996,7.44299984,33.92620087,11.98761082,1.523200035,0.032499999,0.220699996,2.069700003,0.0039,0.036699999
071019NH05,vertical,07/10/2019,NH05,13.81668501,32.30239458,,,1.019999981,,0.155599996,0.194399998,0.120800003,0,0.223900005
072319NH05,vertical,07/23/2019,NH05,9.317324972,33.56545486,7.736999989,33.8891983,5.480000019,1.842000008,0.330599993,1.226699948,12.51080036,7.015399933,0.2509
082519NH05,vertical,08/25/2019,NH05,10.81159496,33.24661503,7.947999954,33.82350159,4.679999828,0.813899994,2.990400076,2.07220006,26.45409966,18.11980057,0.239600003
091119NH05,vertical,09/11/2019,NH05,13.60106497,32.53225498,8.453499794,33.65330124,1.159999967,2.330199957,0.397300005,0.548099995,1.88259995,0.423000008,0.044599999
092019NH05,vertical,09/20/2019,NH05,,,9.782299995,33.19670105,0.49000001,3.694200039,0.038800001,0.489199996,4.361000061,0.233199999,0.017100001
092619NH05,vertical,09/26/2019,NH05,13.67020015,32.23921565,8.334400177,33.69369888,0.620000005,2.404200077,0.0094,0.647599995,6.3197999,0.864400029,0.052099999
101119NH05,vertical,10/11/2019,NH05,10.90769482,32.75734209,8.23429966,33.76860046,4.429999828,1.880900025,0.575900018,0.682500005,2.533799887,0.646700025,0.024900001
102419NH05,vertical,10/24/2019,NH05,12.96514492,32.30557995,11.2347002,32.54700089,,4.033800125,1.134600043,0.638599992,1.771700025,0.710200012,0.059300002
110619NH05,vertical,11/06/2019,NH05,8.973140049,33.21018448,8.421199799,33.66550064,13.59000015,2.650700092,1.776200056,0.849399984,3.330499887,3.292900085,0.094400004
112119NH05,vertical,11/21/2019,NH05,9.847899866,32.86699028,8.936499596,33.48699951,1.980000019,4.063799858,,,,,
120419NH05,vertical,12/04/2019,NH05,9.268799925,32.81860447,9.492400169,33.48659897,0.720000029,4.171999931,0.317999989,1.113100052,8.013899803,9.113100052,0.204400003
020420NH05,vertical,02/04/2020,NH05,10.24976501,31.09527502,10.51819992,32.39860153,1.049999952,6.100399971,0.300700009,0.735099971,16.37229919,5.796999931,0.240799993
021920NH05,vertical,02/19/2020,NH05,10.01158509,31.49036007,8.601499557,33.73720169,0.839999974,2.872999907,0.182600006,0.848200023,12.31779957,5.597700119,0.284799993
031520NH05,vertical,03/15/2020,NH05,8.676263106,33.14775788,8.267100334,33.79560089,6.519999981,2.669399977,,,,,
040620NH05,vertical,04/06/2020,NH05,9.875179958,31.90596485,9.251999855,33.14110184,0.74000001,5.582900047,0.292199999,0.319400012,0.240700006,0.149399996,0.052499998
051420NH05,vertical,05/14/2020,NH05,12.78434505,31.48008518,10.30900002,32.64619827,0.769999981,4.43930006,-0.0005,0.689800024,1.418300033,0.054000001,0.035
061520NH05,vertical,06/15/2020,NH05,11.78905788,32.24013158,8.28030014,33.75559998,1.070000052,1.869600058,0.104900002,0.370900005,0.513599992,0.0273,0.0121
062720NH05,1/2-m,06/27/2020,NH05,9.015934992,33.54655495,7.658299923,33.93939972,,1.01699996,,,,,
071620NH05,vertical,07/16/2020,NH05,8.429209995,33.76070957,7.165299892,33.96829987,1,1.21570003,0.134100005,2.502000093,47.77289963,28.30480003,0.159600005
072320NH05,vertical,07/23/2020,NH05,8.744340014,33.59190502,7.225200176,33.96609879,20.20999908,0.717899978,0.29370001,1.235700011,19.23089981,6.498400211,0.25029999
080520NH05,vertical,08/05/2020,NH05,9.831269932,32.89754505,7.60529995,33.8370018,7.619999886,1.144600034,0.1118,0.464599997,0.207900003,0.1558,0.0174
082320NH05,vertical,08/23/2020,NH05,9.956890011,33.56449966,7.696400166,33.87969971,10.56999969,0.91930002,0.391600013,0.715300024,5.559400082,1.654299974,0.090099998
092120NH05,vertical,09/21/2020,NH05,10.99138943,33.32918428,9.478699684,33.63619995,1.470000029,4.251200199,0.1061,0.930100024,7.413400173,6.903900146,0.1184
093020NH05,vertical,09/30/2020,NH05,14.33576835,32.53832104,11.03009987,33.16749954,0.469999999,5.055799961,0.813199997,0.852299988,5.239799976,4.353199959,0.169400007
101920NH05,vertical,10/19/2020,NH05,14.07598,32.47002525,9.285900116,33.44580078,2.470000029,3.448299885,1.09860003,0.318300009,0.150299996,0.047800001,0.081699997
112020NH05,vertical,11/20/2020,NH05,11.00626998,32.40041466,10.56980038,32.51729965,0.579999983,5.448900223,0.209700003,1.017099977,6.912799835,7.175300121,0.143199995
121020NH05,vertical,12/10/2020,NH05,10.72053499,32.07031059,9.521900177,33.15230179,5.75,3.516400099,0.1149,0.861699998,5.260200024,4.781099796,0.216299996
122320NH05,vertical,12/23/2020,NH05,10.30890002,31.57163515,10.56169987,32.11719894,0.75999999,5.862100124,0.790700018,0.937399983,14.5795002,9.283800125,0.219500005
011921NH05,vertical,01/19/2021,NH05,10.15243998,31.87534971,10.02960014,33.11740112,0.460000008,4.666100025,0.426200002,1.088500023,15.48260021,8.94410038,0.35679999
020921NH05,vertical,02/09/2021,NH05,9.651815033,31.56984987,9.835599899,33.01589966,1.570000052,4.809000015,,,,,
031121NH05,vertical,03/11/2021,NH05,9.229054976,30.32809019,9.504099846,32.69739914,1.470000029,4.757400036,,,,,
032421NH05,vertical,03/24/2021,NH05,9.334160042,30.91246004,8.827300072,33.3628006,2.799999952,3.422499895,,,,,
041621NH05,vertical,04/16/2021,NH05,8.525049973,33.43382473,7.329800129,33.9518013,,1.783599973,,,,,
041721NH05,vertical,04/17/2021,NH05,8.87364006,33.20571022,7.516499996,33.91830063,8.569999695,1.810299993,,,,,
050421NH05,vertical,05/04/2021,NH05,10.14271002,31.87334003,,,5.409999847,,,,,,
052321NH05,vertical,05/23/2021,NH05,8.751799954,33.28772248,7.023900032,33.97169876,21.92000008,1.371399999,,,,,
053121NH05,vertical,05/31/2021,NH05,9.740466648,33.40214433,7.283699989,33.93420029,9.979999542,1.295899987,,,,,
062721NH05,1/2-m,06/27/2021,NH05,9.69849999,33.3997797,7.441100121,33.8742981,10.76500034,1.398200035,0.247899994,0.163399994,1.215299964,0.07,0.090499997
070721NH05,vertical,07/07/2021,NH05,11.13392,33.38987026,7.437900066,33.90449905,4.449999809,0.852500021,,,,,
072321NH05,vertical,07/23/2021,NH05,9.48883996,33.8182148,7.363100052,33.92910004,35.61999893,0.891300023,,,,,
080521NH05,vertical,08/05/2021,NH05,8.849704981,33.44283485,7.52159977,33.9054985,8.449999809,1.246799946,,,,,
082421NH05,vertical,08/24/2021,NH05,9.760874891,33.69232483,7.625199795,33.90090179,11.89999962,0.444400012,,,,,
090421NH05,vertical,09/04/2021,NH05,8.534400036,33.7819258,7.718699932,33.88349915,4.96999979,0.632300019,,,,,
092221NH05,vertical,09/22/2021,NH05,10.40616007,33.4124752,8.139300346,33.80479813,,1.053900003,,,,,
100421NH05,vertical,10/04/2021,NH05,12.02293501,32.90994034,8.18599987,33.80810165,31.51499939,0.907599986,,,,,
103121NH05,vertical,10/31/2021,NH05,13.0454349,32.10151024,11.0564003,32.70729828,,4.692100048,,,,,
111721NH05,vertical,11/17/2021,NH05,12.37728996,31.57972498,11.71210003,32.53889847,,5.157000065,,,,,
121721NH05,vertical,12/17/2021,NH05,10.89187994,32.10611477,11.04500008,32.44060135,,5.635300159,,,,,
011822NH05,vertical,01/18/2022,NH05,10.20653496,31.57611475,10.34729958,32.54489899,,5.654500008,,,,,
020222NH05,vertical,02/02/2022,NH05,9.721614933,31.86226997,9.799699783,32.99769974,,4.406099796,,,,,
021822NH05,vertical,02/18/2022,NH05,9.530144978,32.4650198,8.77009964,33.70909882,,2.459800005,,,,,
032422NH05,vertical,03/24/2022,NH05,9.640505028,31.33193989,8.819600105,33.50059891,,3.101999998,,,,,
041422NH05,vertical,04/14/2022,NH05,9.158160019,31.91856995,8.076600075,33.87689972,,1.607599974,,,,,
