24,0,-12.650859713049043,-17.41136429851695,0.10770290980513146,3.9107609612655656
24,12,-14.773208656252375,-29.01379180212609,3.600745561421875,6.153546060930546
24,24,-15.576662723896806,-35.113224888855534,4.705684942311291,7.9190178483220555
24,36,7.227212579169496,0.8106441433584519,22.51263798113785,40.52861601731881
24,48,-5.1182585339826705,-2.2495696761735475,18.14392362446318,30.482315374402102
24,60,-17.521522472333853,-55.51350550844278,0.00016706829960008273,0.4328071649139203
24,72,-9.090512970343667,-7.110568508143489,14.497700051821482,25.660676574270234
24,84,-2.1599212296851147,-0.6443418986352571,20.87610397214842,35.61635076342773
24,96,-4.520524885264226,-1.831734216529615,19.81029645068797,32.557399883619034
24,108,-10.937608737132958,-11.409688313061844,8.864900866359006,16.826741142407258
24,120,-6.814079223081092,-3.8018426235386764,18.084632293615847,31.4286290275501
24,132,-17.874644949224187,-60.300567476485284,1.1025640654826203,1.8785380018782252
24,144,2.5183592338597363,0.44003088192541195,22.029562112884907,36.5771425966052
24,156,-17.294320672401653,-52.632997162951895,0.008480703266584896,0.8324085507356755
24,168,-15.589516386735419,-35.220266270608924,4.540384378261088,3.744639350310015
24,180,-10.974606363964183,-11.515858265957787,13.203753320025822,21.76255888936926
24,192,-9.038763417279199,-7.014498311256078,15.726717896347203,27.44877317867209
24,204,6.484574404605608,0.775331306630371,22.430334038541982,38.13056300744685
24,216,-14.106187382731099,-24.740604291630618,7.108073222271743,14.100680232592527
24,228,-17.540619171276578,-55.76255257019553,0.004447573144796151,0.4925596058934668
24,240,4.69277352775869,0.6605915525001954,21.982853578083997,37.041509028454655
24,252,-16.389254280559108,-42.543709912515865,3.542710046225899,3.8680449128945824
24,264,-16.869006416378447,-47.62959376523872,0.015139993104404465,0.6792529234267871
24,276,-13.56834800026282,-21.742321778687568,8.995645825407662,15.791612047834029
24,288,-4.792069740066086,-2.014442290539594,19.651625937243384,32.324915554546926
36,0,-16.398033562288568,-42.63182274060146,2.654029501530229e-10,0.8514890517912732
36,12,-18.67979943214698,-72.78701526872055,1.4919654172865648e-05,0.03907479450242321
36,24,-18.47351469502408,-69.36415384825578,0.0031130675807857456,0.11097141322739078
36,36,-16.89705929081303,-47.944729096677975,0.7688966702640242,2.0706413454033403
36,48,-18.421888432970515,-68.53265991718969,0.042816422406332266,0.2130009567133307
36,60,-15.621569445942162,-35.4885784900946,4.984153926348636e-07,1.4908407379695443
36,72,-17.86506236360568,-60.16545860990803,0.5412945034365929,1.3020526891952504
36,84,-16.968940008653846,-48.76156161037551,0.026896474784524768,0.6670379756551706
36,96,-18.709724683694645,-73.29720364923742,0.02131530950016477,0.0675691224776273
36,108,-18.590488944727277,-71.28511802701239,2.82840292057687e-06,0.06893267009750452
36,120,-18.14023686445172,-64.16639348788489,0.09946844441472869,0.3908521196241795
36,132,-18.10711832622377,-63.6713359696155,0.000118795728965174,0.2206976451731183
36,144,-17.78661639010337,-59.07055424462843,9.472468383272065e-06,0.3337531257419078
36,156,-18.586708282873044,-71.22221907649524,0.00010923741089766912,0.07028241165671767
36,168,-16.58167848671676,-44.5163940582348,0.000798779319092185,0.7582231476203596
36,180,-18.14095521134909,-64.17717325834623,0.04685997550028932,0.275124654155039
36,192,-18.17960956484606,-64.75987159048961,0.1784976063004754,0.5876338838267803
36,204,-16.761490483142758,-46.44047713471275,0.007562758916090861,0.7269069765256169
36,216,-17.20663294209959,-51.56096065491701,0.001834855695407114,0.545445986687667
36,228,-18.695266983274365,-73.0502788587055,0.013528507945531103,0.06825431427438033
36,240,-4.07020301632676,-1.5528206346298652,20.66839299682328,34.51616347764377
36,252,-18.309692380658632,-66.75935106269569,0.00021530676186415522,0.158598693638693
36,264,-18.57499526124872,-71.02769653164844,0.0007798162694179921,0.07184205551412495
36,276,-18.415584927147115,-68.43181092716867,0.013141001031262483,0.1458372699585217
48,0,-18.621570287450528,-71.8042996949544,5.148153266542672e-14,0.05812703750901214
48,12,-17.516210994353525,-55.444431004539595,2.2488702550379286e-08,0.42272984656266277
48,24,-17.276022124105644,-52.407495480542494,5.073557287464906e-06,0.5381340401288819
48,36,-17.787740227448044,-59.08610090031212,3.065540870995762e-05,0.3585818622252783
48,48,-18.43436752253266,-68.73274353778429,6.568918628350611e-07,0.12964083302152676
48,60,-18.327034790209627,-67.03047119884297,3.632108119087037e-10,0.15343768692436394
48,72,-15.895495979721595,-37.864187970292896,5.24298032084327e-05,0.980540880448272
48,84,-15.995848223044298,-38.772676913264135,3.7124309968481846e-07,0.8940749095662849
48,96,-18.697480781770025,-73.08803531010204,4.972441156882396e-07,0.03395814271692328
48,108,-16.613353606566832,-44.849579887979885,1.2241578343047436e-08,0.7288812406480212
48,120,-14.351385783742739,-26.235702293750503,0.00011515756966321244,1.3757600409247692
48,132,-18.135004576918128,-64.08792967850407,8.589229601847002e-11,0.23015868269658893
48,144,-18.79982793320373,-74.85475208993662,6.981373827778723e-09,0.0025193619862854213
48,156,-17.662154821446478,-57.37346617105582,1.0165937925479227e-08,0.40340915780844827
48,168,-16.853646423365433,-47.45790591007125,2.393717078055113e-06,0.6489957800243842
48,180,-17.286330771530654,-52.53441695878138,8.729085121355552e-05,0.4822470196008676
48,192,-18.035213723789024,-62.6094107352809,4.91937519976485e-06,0.25428198537905294
48,204,-16.362451843602585,-42.27580790544176,0.0001148286380983133,0.9555995863029696
48,216,-18.72303789693922,-73.52530973707766,4.2342029027137426e-05,0.0294760289324126
48,228,-18.010326962129678,-62.24594648086193,0.0005217904236030301,0.263784991427285
48,240,-16.144058097450188,-40.15340836680199,0.03163636291422431,1.0587256757990962
48,252,-18.58815595822046,-71.24629761270366,1.4915677249342682e-08,0.06719343581547992
48,264,-16.407160003516257,-42.72360883875142,4.933104009014116e-08,0.7368156315309989
60,0,-17.973367859585522,-61.709997860526904,1.1810981906701438e-13,0.28103179597911304
60,12,-17.01615556431215,-49.3055100198918,3.529808766797426e-09,0.5919500455210205
60,24,-17.344657994014536,-53.25825213878093,2.7994898091460824e-09,0.5046643602878821
60,36,-17.90053424675184,-60.667085687528115,1.5100446939706668e-07,0.3446800289701371
60,48,-18.604581378777915,-71.52005718423362,1.776019779125873e-08,0.06253600231990028
60,60,-12.768915380959825,-17.91871078529643,2.5199946435702794e-11,2.123947698195129
60,72,-18.223154550423665,-65.42253633362701,7.068657032652237e-08,0.20959942758950512
60,84,-17.79932724837342,-59.246625273427526,8.793634373297121e-09,0.32625052608177535
60,96,-18.68041483641506,-72.79747178231516,2.068969245584842e-09,0.039750860117931684
60,108,-9.194597298065974,-7.307296852659931,6.270455614620587e-09,2.6084174991386866
60,120,-18.289748451688073,-66.44889593975047,4.13219946114137e-11,0.16346307993429562
60,132,-18.648807242286452,-72.26232959296172,1.1785553082056835e-12,0.04853681957819335
60,144,-18.78458003267888,-74.58889615488656,4.178879870900496e-11,0.00724518186565071
60,156,-17.932560267587338,-61.12351589618226,2.9924495399502383e-10,0.30226999813845246
60,168,-16.514376469008823,-43.816470088486525,8.951242597638621e-08,0.7745472848187811
60,180,-16.615706985024065,-44.87443183946938,7.891808168191684e-07,0.7524270823084624
60,192,-17.026137317845333,-49.42126435655849,1.1462592156476673e-05,0.5825247453141051
60,204,-18.768329010889786,-74.30657588088106,1.1544142374539379e-05,0.013433780571244008
60,216,-18.622300488829598,-71.81654168090796,1.5677429364620883e-05,0.057975138770578485
60,228,-16.441487172074382,-43.07057503145756,2.452521803332591e-06,1.3186589714744013
60,240,-18.52590864431696,-70.21817892843406,3.5713063631935974e-07,0.08764932813825194
60,252,-17.74389159530478,-58.48249263973496,7.103995264238647e-11,0.33137741025686884
72,0,-16.154636931457542,-40.25377476755857,1.6366065607733999e-12,0.9055822146232212
72,12,-16.58462817399086,-44.54731886571117,9.537935745572683e-12,0.814284722800581
72,24,-17.420544272139857,-54.21466317782785,8.879701322055306e-11,0.4806692025012015
72,36,-18.626825756249094,-71.89245470097522,1.2977546102192996e-08,0.059237629623023064
72,48,-17.93331536627148,-61.134318120322014,7.629166430626483e-09,0.28407864745555816
72,60,-15.712378788822267,-36.25957346070563,1.737591327015452e-13,1.1413678798513922
72,72,-18.40767345692967,-68.30544328988724,7.21483916177317e-10,0.1321321154404556
72,84,-18.170094728022885,-64.61595782557994,4.47905603125221e-11,0.22097329558645368
72,96,-14.096787217269398,-24.68494982800053,1.6978033817649175e-08,1.4581404038905106
72,108,-16.407892671552162,-42.73098576714664,1.6364135703339787e-14,0.8338794262712511
72,120,-18.762251983812032,-74.20127404442172,2.410421866626947e-13,0.014005593023218146
72,132,-18.737150339389068,-73.76787436806984,6.483066293270021e-14,0.02238248439679763
72,144,-18.770935439114005,-74.35178485868558,1.1988297197850476e-11,0.011533688486207588
72,156,-17.38828635978433,-53.806066833959186,9.566652048938605e-11,0.4868038757064174
72,168,-14.22756638617848,-25.47016440040674,9.769863910298452e-09,1.6113012501410422
72,180,-8.970124471281224,-6.888827271244884,1.035898763340405e-06,2.6603540916540633
72,192,-18.79565872257225,-74.78196675669743,3.7578940921846857e-07,0.003827065003920975
72,204,-18.748420385937994,-73.96215077226672,1.6862515460101132e-05,0.01841213661977596
72,216,-18.439609555680217,-68.8169633622318,1.3972476942502838e-06,0.13683546751086895
72,228,-18.08062216969177,-63.277979526850714,3.9189462589557103e-10,0.22706697849294202
72,240,-17.647911432295558,-57.18233455315384,4.7514694005636753e-08,0.3694604617303759
84,0,-15.10701888746176,-31.411705842547313,4.313065540512301e-15,1.406207894134782
84,12,-16.464674506503624,-43.30650065650601,2.7016713424969366e-13,0.8369619722526735
84,24,-18.621074623792577,-71.79599095795766,3.390055569121141e-12,0.061061361309145974
84,36,-18.581103623957127,-71.12907494405925,4.7128777091425515e-09,0.0811048382724182
84,48,-16.014419846002234,-38.94311995697445,5.6626515035211166e-11,0.8609086676637533
84,60,-14.783585316423824,-29.085589924136716,1.415968131768792e-13,1.3304790008821585
84,72,-18.687167841237972,-72.9123114497693,9.25222405650962e-12,0.040926852780742075
84,84,-14.747242232343487,-28.83487504300513,4.4218535415607166e-10,1.7671988119704265
84,96,-16.633860266235065,-45.06658587190448,5.794141865045136e-14,0.697972503029971
84,108,-16.81632274831636,-47.04323851981676,1.7104271196123304e-16,0.61208130836742
84,120,-18.755188712924916,-74.079067733584,4.2106965921571935e-14,0.016426527881176142
84,132,-18.732410935919845,-73.6863255903404,4.0137158081467944e-14,0.02413104810927618
84,144,-18.62505208311652,-71.86269125779313,9.137421104299891e-12,0.05705157683885719
84,156,-17.14506349069326,-50.82106678147559,6.427112326165084e-12,0.6121065782389575
84,168,1.759221487290599,0.3330736888402439,7.988997153764649e-09,3.6093302450732088
84,180,-18.589428014456345,-71.26746178069948,9.89968171171355e-08,0.06781905193658047
84,192,-18.803269461393715,-74.91488634025212,2.718520230190752e-07,0.0014859809693451983
84,204,-18.756029242563198,-74.09359987512052,8.770163042033705e-07,0.019003741746123987
84,216,-18.04728837659671,-62.78650952186702,5.488584605896518e-10,0.23744708368632517
84,228,-16.718725689975138,-45.97562521603499,8.116847428909841e-11,0.6840863756643761
96,0,-14.291959886993224,-25.86556563147455,2.0238121753638966e-16,1.6703189703071182
96,12,-18.576552120546594,-71.05352165620445,5.370013838849943e-15,0.0785092056083652
96,24,-18.642495685330907,-72.1559355336844,2.9590013006743907e-12,0.0591616148476167
96,36,-18.492275132017205,-69.6687668722589,3.0557407061191556e-11,0.1032692690574829
96,48,-12.322619830861184,-16.071118738073714,5.044498009197334e-12,1.7717920968095815
96,60,-17.586310305337104,-56.36289094184032,6.384810192921305e-15,0.4494392713363571
96,72,-18.449981288599204,-68.9838980768045,4.7045658875577066e-11,0.16232802936417776
96,84,-16.922588324165634,-48.233287060947085,1.5840934084530562e-15,0.7349238577773829
96,96,-16.556932157644816,-44.25777674696059,2.744284180271349e-16,0.6904915558423033
96,108,-18.193697981625057,-64.9735415399933,1.8156942215080957e-17,0.19952189006204946
96,120,-18.62003404468505,-71.77855096821524,8.99726426679306e-14,0.058728798109077274
96,132,-18.560421472398023,-70.78639548692753,2.626055176233954e-14,0.07966082399785132
96,144,-18.16680601276112,-64.56628864333197,1.0129379573519023e-12,0.20360435077861708
96,156,-4.538551042105528,-1.84351225428802,1.113481482857051e-11,3.3481379107452534
96,168,-17.2747542186362,-52.39190565042632,1.7787931658073497e-09,0.4846904281743139
96,180,-18.725963053386423,-73.57552258373262,5.161354410311226e-07,0.02511978484182984
96,192,-18.802513573878365,-74.90167453956337,3.199691106711425e-08,0.0018924380872490446
96,204,-18.545878351452835,-70.54640805486535,1.5157477697813812e-10,0.08224893597845541
96,216,-16.375320525330824,-42.40422963835241,1.5274589274504928e-10,0.8192181077333015
108,0,-18.244847235255644,-65.75514191749377,3.614436228245196e-18,0.20116057748481006
108,12,-18.59802710839555,-71.41069416094838,4.585252382379033e-15,0.07671470785725358
108,24,-18.52729575186515,-70.24092917172615,1.050869265251738e-14,0.09540113034041948
108,36,-18.047836010770837,-62.794553343837514,2.8137521633749703e-12,0.24725895294214612
108,48,-17.442626375860318,-54.496122173972026,9.753035657991975e-14,0.4439122531245344
108,60,-18.12692386101301,-63.96693618633162,3.026500651931695e-14,0.399177138853224
108,72,-18.61026651177689,-71.61505174594734,5.308789818638179e-17,0.0720513767225882
108,84,-17.942068531423804,-61.25967555028443,6.356526887644431e-19,0.2928746623497465
108,96,-17.11420163833766,-50.45412104316366,9.6820123381928e-17,0.5444683438262085
108,108,-17.50379508494248,-55.283294226428055,2.9765799395583544e-17,0.4294563368437873
108,120,-18.635272402609,-72.03436207933129,2.1593630559341067e-14,0.05515714524528869
108,132,-18.144190602405445,-64.22574679995762,3.765950185548342e-15,0.2186424272052372
108,144,-4.001442956667151,-1.512721152102174,5.730149748443846e-12,2.8047918686225337
108,156,-17.780999938056272,-58.992919059916304,1.2755721984256358e-12,0.3260021637259215
108,168,-18.58568604125208,-71.2052214232486,2.4929796081914754e-09,0.06925872848276275
108,180,-18.79889362718139,-74.83843506730935,1.2694715293228778e-08,0.002833709501028338
108,192,-18.780996974270185,-74.52655879010604,5.773545167734664e-12,0.008405343966897497
108,204,-17.84087884702992,-59.82580771506308,2.5445161620206612e-11,0.3288911215394647
120,0,-18.48367186818625,-69.52891240248267,1.1822362228544598e-18,0.12300402333028981
120,12,-18.396836665393867,-68.13272352961792,1.617216327812912e-17,0.14574604652006856
120,24,-18.076750620455588,-63.2207039951753,3.673196959737423e-15,0.24628780984407336
120,36,-18.684131075866944,-72.8606469912759,2.752408331785859e-14,0.03947923270503308
120,48,-18.574791995346093,-71.02432544756985,1.4803967100933192e-13,0.09225652915812947
120,60,-18.344149457091437,-67.29909446948203,1.26695780719584e-19,0.20533339526848599
120,72,-17.77311418128901,-58.884084999656906,2.3680620099728146e-19,0.3370578636481162
120,84,-18.044736642194184,-62.749042220401726,2.3795219444048153e-19,0.2657458252951227
120,96,-10.015111263012816,-9.034855573713811,2.9523327350967305e-16,2.225639434763179
120,108,-17.869678221398008,-60.23050229803495,7.971883467551842e-18,0.33224693138987144
120,120,-18.5567211534802,-70.72525737971772,1.8373522491770222e-15,0.08331407204116473
120,132,-7.054764455271984,-4.075472108615527,3.0432293800244206e-14,2.9370204351984097
120,144,-17.077409130627004,-50.02005389758448,6.539365588805969e-13,0.5329820041941351
120,156,-18.59421563236882,-71.34717261894298,1.917442202637697e-12,0.06670333996356968
120,168,-18.740392041353303,-73.82370414620358,7.55475125925496e-11,0.020682993051090014
120,180,-18.703417381773274,-73.1893793980711,8.147872059701298e-13,0.03317837059000719
120,192,-18.698886919592077,-73.11202706221898,9.921380153223654e-13,0.035250360191960754
132,0,-18.290882648203898,-66.46651308576018,5.1193703483866686e-21,0.19601235511922105
132,12,-17.26162580096365,-52.23074936813178,5.8205595011378334e-18,0.5424860426506808
132,24,-18.65512538178692,-72.36898959037651,6.187975664439655e-17,0.04918499570753636
132,36,-18.775843566173865,-74.43699091388089,4.8969236980775545e-14,0.010961868694028862
132,48,-18.283686703734347,-66.35481852894705,4.0241633462341005e-18,0.19220168195981763
132,60,-17.50127600444055,-55.250657146454316,1.3887820943779433e-23,0.47742112212933857
132,72,-18.224766799256145,-65.44719921589672,5.57045816190155e-20,0.19232471031063886
132,84,-13.607695353494591,-21.94930486855766,8.893614378088093e-19,1.6672141856747178
132,96,-12.64575599427609,-17.389740437828074,1.2958790917381644e-16,1.9304599844597106
132,108,-18.128987587427623,-63.99781519775463,3.3543366292290246e-19,0.26249032826866253
132,120,-15.423385452376845,-33.86089600145045,2.2675328461964708e-14,1.3239449899490279
132,132,-17.412336695546667,-54.110413494127044,2.5309121406090373e-15,0.4407861755165078
132,144,-18.563065173069983,-70.83010765113261,1.3002065437946686e-12,0.0760187365774665
132,156,-18.706498452491296,-73.24203118996259,6.386489886927232e-14,0.030985610879252567
132,168,-18.49048968593576,-69.63971991322929,3.627288012841499e-15,0.1025441267920292
132,180,-18.509516981659967,-69.94988537632251,1.2505034241120932e-13,0.10350868709589603
144,0,-16.772260313049202,-46.558268155139274,4.511023765307091e-22,0.7717424494315651
144,12,-18.399198909067575,-68.17033689279614,9.760581676274704e-20,0.1335820693775975
144,24,-18.76214103471666,-74.19935290402069,1.6848618476885705e-16,0.015365451661587481
144,36,-18.729740667702274,-73.64041866965817,1.654502989046914e-17,0.025436327016092337
144,48,-18.690263820283068,-72.96502051247772,4.2800153622909575e-22,0.04136327709568384
144,60,-18.209451228105905,-65.21328317093061,7.483467068770573e-24,0.22006864839140505
144,72,-15.78569550427726,-36.89392144047728,2.2691746810757946e-19,0.9974066425742423
144,84,-15.420929211316828,-33.84118528480605,3.417842327182957e-19,1.2385151081737358
144,96,-13.39286728273757,-20.841714614126058,6.321411895917392e-18,1.910141977320385
144,108,-14.916077001555898,-30.017564939500275,1.4824618701876967e-18,2.070063548172062
144,120,-18.57846052700179,-71.0851908641329,5.158632973457096e-16,0.0740293297157187
144,132,-18.57447249853887,-71.019027039103,4.274153360155205e-15,0.07317429514038098
144,144,-18.660863969555447,-72.46600041945358,6.836138673041197e-14,0.04485680418408665
144,156,-18.456292646358385,-69.08567568075917,3.632287756709983e-18,0.11156683794841582
144,168,-17.5721335297951,-56.17594521758662,8.418022643775394e-16,0.43526117512249285
156,0,-18.20242429315472,-65.10623593806825,1.3446891927411343e-23,0.20529453027511602
156,12,-18.70517261413174,-73.21936962887993,2.811687272203184e-19,0.03442342620504057
156,24,-18.69574823100159,-73.05848492726629,2.4414771362306083e-19,0.036301155556669636
156,36,-18.778176375195553,-74.47752271259081,2.2468054680965142e-22,0.009616697435943202
156,48,-18.71273122836823,-73.3486561104918,2.0617163143138796e-22,0.03301038602513681
156,60,-16.462438393511444,-43.28369381820588,1.7741591914670458e-23,0.9201876189936803
156,72,-16.860788970337797,-47.537666914150236,7.12499811214684e-20,0.6816964865107363
156,84,-15.92101816864255,-38.09325360530324,1.5223625713873875e-20,1.1307714191703582
156,96,-15.431990992997648,-33.93004131350764,4.022146192359401e-18,1.9860020706193517
156,108,-18.492429763385395,-69.67128309180744,6.132531009502126e-20,0.1098726301223395
156,120,-18.745003966099713,-73.90320425476347,1.4185095997782566e-15,0.01976344620491453
156,132,-18.634903309244166,-72.02815537993041,2.0595871489469948e-16,0.05289220975965311
156,144,-18.419731129231696,-68.49812901165234,3.0100302885072548e-18,0.12227558881941178
156,156,-17.513176475622036,-55.40500571479957,1.076345099389341e-18,0.4348429621054753
168,0,-18.631373313710544,-71.96882137167601,8.941497518103179e-24,0.060215210005803176
168,12,-18.570501032095553,-70.95319833924151,1.5922471983028903e-22,0.07740416699161326
168,24,-18.749760120402033,-73.98527905806306,1.056405321792108e-24,0.018669132006333924
168,36,-18.77782409297052,-74.47140052767571,1.399159627478667e-22,0.009642894997737007
168,48,-18.523349921944362,-70.17623184307877,6.490250352143755e-22,0.1068420593396721
168,60,-17.568772044676386,-56.13170755505827,2.4665553236896004e-24,0.5105579217074172
168,72,-17.036593417934398,-49.54280514860019,3.180011246551573e-21,0.641238529792795
168,84,-17.379370950225837,-53.693673661709674,7.017553042317288e-21,0.9307960945266416
168,96,-18.404656417418533,-68.2573135860948,2.2329991477831198e-19,0.1484202939180348
168,108,-18.713341881627187,-73.3591108694368,1.8548374734600718e-19,0.03032906611122004
168,120,-18.72874839818373,-73.62336688680607,6.647281296236437e-17,0.024255396929752735
168,132,-18.441970019349718,-68.85492037214416,9.288979970629006e-21,0.11560838966217105
168,144,-17.610097158836904,-56.67793667534305,6.680086797424871e-19,0.39726046355895056
180,0,-18.449900793450546,-68.98260095876407,1.1594157779605879e-25,0.11935262409134423
180,12,-18.54099919539874,-70.46607314742906,6.224376967061253e-26,0.08585913690355826
180,24,-18.737341289673804,-73.77116182885119,8.043480464536355e-25,0.02241073203625498
180,36,-18.703216482578082,-73.18594756955254,4.0668707072219206e-22,0.03486911683742435
180,48,-18.649584853524736,-72.27544850507391,1.9999471441486984e-22,0.05857467864609358
180,60,-17.424851360914,-54.269449142273736,3.2173564223200923e-24,0.5767497596580089
180,72,-18.19924804457628,-65.05790627149469,1.4090678393327922e-21,0.34143627574303204
180,84,-18.6059360700462,-71.54268183553577,4.0014243232517443e-22,0.07306726380091318
180,96,-18.587653961317933,-71.23794721380284,1.209542902706323e-18,0.07164381038965578
180,108,-18.715255081494682,-73.39187554579759,8.486165455862538e-21,0.02862078549542797
180,120,-18.644105874790455,-72.1830638442477,4.6507032939766486e-21,0.05137805655623827
180,132,-17.767588399249263,-58.80793943745567,3.9515027937933505e-21,0.3450772468123232
192,0,-18.324428538263813,-66.98965756553714,5.789601450135385e-28,0.15746091375907495
192,12,-18.442580464886394,-68.86473988936187,4.975077739632284e-27,0.11612657261485444
192,24,-18.577118920092836,-71.06292600514605,1.485072699891963e-24,0.076709244073895
192,36,-18.744529352882367,-73.89501900033545,1.071917971586529e-22,0.020710324129005107
192,48,-18.474275836663367,-69.37648690407464,4.2992018011248926e-23,0.12047568877749074
192,60,-18.275696295711608,-66.23100906118086,1.9068288650603142e-24,0.39220808770454774
192,72,-18.688946393003306,-72.94258671199586,8.361171764527965e-23,0.04143414073060498
192,84,-18.680516076428766,-72.79919212287884,1.745014926234135e-21,0.04117083977121841
192,96,-18.513181038323566,-70.00976964964174,7.488876161289175e-20,0.09183413690621627
192,108,-18.6333286460753,-72.0016816607138,1.415513002468002e-23,0.05574681234576498
192,120,-18.20401131534396,-65.13039724767559,3.310951030458501e-21,0.19565473549607318
204,0,-18.088029434186602,-63.38770467452835,1.2606694664899618e-29,0.23068979378741844
204,12,-17.821166650691772,-59.550351007275324,1.0454766575138039e-26,0.33242577076129254
204,24,-18.638802073725035,-72.09374392138695,3.852642794572918e-25,0.05488169558480315
204,36,-18.653435099727854,-72.34043980174228,8.104414484865291e-23,0.049723488129388045
204,48,-18.651313925494804,-72.30462772659244,2.7548392378499184e-23,0.07832960076702428
204,60,-18.7157351225474,-73.40009879740491,5.870977221121219e-26,0.03350239335283678
204,72,-18.738835757702297,-73.79689605847013,3.4901425974200248e-22,0.022083058564629613
204,84,-18.604579269589408,-71.5200219642526,1.8245084750855201e-22,0.06349699204986702
204,96,-18.247282447608214,-65.79258391556613,4.342253515820609e-22,0.18194039529707368
204,108,-18.28618895939072,-66.39363724417004,7.477256580415922e-24,0.17426824593490056
216,0,-16.825810498738935,-47.14831020298305,2.224249623300188e-29,0.6763414913397894
216,12,-18.00231547834477,-62.129383450287946,2.733901858936245e-27,0.2639750382530498
216,24,-18.408325539190752,-68.3158501094568,5.928137422093357e-25,0.12797650567764288
216,36,-18.766407708984634,-74.27326791265962,3.121634106035317e-23,0.014822919075858348
216,48,-18.752271116307487,-74.0286464456196,1.0837428216318021e-24,0.018535670603016877
216,60,-18.748351857925183,-73.96096794197209,8.709455396020325e-26,0.019210136418312797
216,72,-18.7074154774577,-73.25770925803207,4.1682632896506615e-23,0.03141485357886037
216,84,-18.419167413744034,-68.48910871993195,1.044363938909366e-24,0.12511089959739033
216,96,-16.99425286213328,-49.05244374743989,2.4114969167589133e-22,0.614321689810014
228,0,-16.98303561158114,-48.92333173404839,2.1944921211712298e-30,0.6010195097842255
228,12,-16.80297151188278,-46.89576907015749,3.788411213730897e-27,0.6391401989593465
228,24,-18.72350003492394,-73.53324048692727,1.9118279220469517e-25,0.029353907958396083
228,36,-18.786041278361303,-74.61433339545387,2.0113781557755093e-24,0.006958714351431169
228,48,-18.789488053033377,-74.67436847074502,1.1262321553466739e-24,0.005855855876024474
228,60,-18.7254587620832,-73.56686357339166,5.39047796096432e-26,0.025963795919863055
228,72,-18.623536923856683,-71.83727547878622,2.3965482585476986e-25,0.05899284710126798
228,84,-17.33747669353597,-53.16860724203584,9.45851697786846e-25,0.48881204176219417
240,0,-14.636421859988342,-28.083199740619644,1.1973250796635086e-29,1.2765762703821961
240,12,-18.51552302066456,-70.04807280156068,1.0197696464846844e-27,0.10350267786678818
240,24,-18.75785564019376,-74.1251866489759,1.6667011984761788e-26,0.0158332804980703
240,36,-18.797057972892627,-74.80638682871353,1.1974666389243165e-24,0.003423123599872168
240,48,-18.774260847510376,-74.40950408521243,2.6536432548823205e-25,0.010521526324810817
240,60,-18.656845244245392,-72.39805041540033,5.432345658063726e-28,0.04859644762571417
240,72,-18.146165347019135,-64.2554118050913,3.946657357510915e-25,0.21873413974401554
252,0,-18.284330660083377,-66.36480640137793,3.250685267117909e-30,0.18881416140948806
252,12,-18.631229434014116,-71.9664039893702,3.362711595309111e-28,0.0563316910520295
252,24,-18.78524615483546,-74.60049089124061,7.599267634304506e-27,0.007086391344147785
252,36,-18.784696691924424,-74.590926634757,5.297583946801494e-25,0.007219750780215297
252,48,-18.749069435382427,-73.97335463973023,2.6620209833208584e-27,0.018571197130881168
252,60,-18.34134852096095,-67.25505989531537,1.0850287117121769e-27,0.15534110605390597
264,0,-18.427273925053512,-68.61893774971658,1.2128970757647046e-30,0.12221562494885221
264,12,-18.742668019750823,-73.86292678715355,1.2175719416645858e-28,0.020413241123304508
264,24,-18.760635387607415,-74.1732867050125,5.149773367470266e-27,0.014680995749133702
264,36,-18.761538693637792,-74.18892391625565,6.4386525763543116e-27,0.014452892361823882
264,48,-18.607313131304274,-71.56568732144919,5.99359897194782e-27,0.06446366310181056
276,0,-18.650100439504726,-72.28414814049681,1.301414157698182e-30,0.04949895674814051
276,12,-18.68929128046997,-72.94845896805548,1.3416911446625932e-29,0.03705738813744523
276,24,-18.718359385699223,-73.4450693063997,6.172204567550213e-29,0.027968762789752213
276,36,-18.633812603664634,-72.0098170821638,1.4670203016387583e-26,0.05481427823304813
288,0,-18.536169190231217,-70.38663635019806,2.413429725908101e-31,0.08531321660821825
288,12,-18.587368110069267,-71.23319269153232,1.3390332384967717e-30,0.06961395558173748
288,24,-18.460459950545722,-69.15295917499766,1.5968767266559063e-28,0.11007729104820733
300,0,-18.302172855151618,-66.64213167686236,2.563314418599906e-32,0.1606670217337481
300,12,-18.03300777605714,-62.577109287642315,5.5940879365047045e-31,0.2499005765031597
312,0,-17.17312262588459,-51.15695906851465,9.430086052118864e-33,0.5292004259976004
