24,0,-18.55861918596569,-70.75661090297125,0.11185382225348225,0.11105843131665098
24,12,-14.466971737714358,-26.970303173755383,4.5871785706718935,3.063376136571331
24,24,-12.829004559393347,-18.182290155560462,11.918010667401315,8.145699701302071
24,36,-4.491819392818558,-1.8130790687037925,21.58039083761927,24.123392153038054
24,48,-4.919269796450733,-2.104037645078894,19.20181599486951,19.122763491903278
24,60,-11.494456186337736,-13.107355763009204,21.437508958008134,9.175890899239691
24,72,-17.611091264335602,-56.69114073831357,0.4735257201092737,0.44804926066751427
24,84,-18.512033306065916,-69.99100601382746,0.45398683041548343,0.10013650094299224
24,96,-16.826605559122346,-47.15712549302306,2.0660053797390177,0.8443671577073193
24,108,-17.291007033223572,-52.59209113593235,2.7843090572732487,0.9019658234568422
24,120,-17.053896592877056,-49.744579646464594,3.010564010832087,1.1901815999551608
24,132,-12.854562197218787,-18.29550812582227,10.023120985860412,10.741252200558389
24,144,-15.852010771767437,-37.47698882339391,1.553735817624492,1.3997757581233956
24,156,-17.77438262237145,-58.90157786004428,0.0002952843718146404,0.33105109643715075
24,168,-15.786280215892162,-36.89902362541026,6.932878392731159,1.7576848670494156
24,180,-12.117174885585351,-15.282365094130071,14.90671250779944,13.547790096827184
24,192,-8.384909341772422,-5.894312012627317,22.420744400092197,17.535121789119252
24,204,-15.000923297325144,-30.62950022588554,20.961027454567624,3.7140697261977555
24,216,-17.846772282823068,-59.90840520218954,0.024664757834533108,0.3115275689370665
24,228,-16.91847524485118,-48.18668169014342,2.5426999994421964,1.1134990711592052
24,240,-16.96420367488878,-48.70732217080591,0.48429025597183695,0.841085784901555
24,252,-0.6323651520953354,-0.15674202822630234,21.652625304668938,12.800917443344867
24,264,1.5660927168598389,0.30274645930967437,21.994866839737405,33.272337228173015
24,276,-3.1624842691424897,-1.0713258583042173,20.520704798902404,30.94559040094343
24,288,-16.18862747830962,-40.577918903604974,5.960177228553967,3.8613943755306193
36,0,-18.22514915011854,-65.45304945424607,0.00018483570504215308,0.33718066552768156
36,12,-15.638978575298701,-35.63514016950311,5.920703316887523e-05,1.1495221272738654
36,24,-14.666881952240992,-28.287897450456324,6.435869846306849,6.885583648275137
36,36,-10.26520672765216,-9.629691802558881,12.588536721391131,12.360816880422348
36,48,-16.80057449000681,-46.86934102794216,3.3971647816463566,3.2181170078433134
36,60,-16.54645589352963,-44.14873529259559,0.0028711717198146992,0.84274897390455
36,72,-18.16657386659218,-64.56278398081524,0.003859867729233553,0.1948945847371781
36,84,-18.430045774461313,-68.66338565645175,0.0005478938281816626,0.1196394683117965
36,96,-18.302350852545217,-66.64490407448099,0.18300752202364123,0.18332841749419854
36,108,-15.53838061546516,-34.79629360440473,0.007710091571453567,1.3299331428902625
36,120,-18.803555117305713,-74.91987978368529,0.003894172805860837,0.0022403315723169117
36,132,-15.381800439563108,-33.52868540414178,7.86876025308618e-05,1.3487757157211164
36,144,-17.503695297578144,-55.28200102623823,0.004719526547361774,0.4487929197675205
36,156,-18.04396174759284,-62.73766874365683,0.00043580562507613576,0.25816877318613934
36,168,-17.28332159083911,-52.49733637336707,0.12935980174697342,0.5037881741336738
36,180,-8.296148352093116,-5.754836403092112,22.34073570563555,10.726283883129941
36,192,-10.216480217284971,-9.511096462808295,22.349673223424176,9.398136051146697
36,204,-17.839570827445744,-59.8074907962479,0.03967916166884901,0.4569012815275774
36,216,-18.34907795184314,-67.37664617992888,0.20309461004376372,0.22238054940707086
36,228,-13.61226409510242,-21.973460048535355,0.046187612776059636,2.6339947731078523
36,240,-18.70950166612253,-73.29338845995169,0.006404833471242745,0.033671659263832955
36,252,-11.728403836710077,-13.888137931442904,11.000595376070132,18.214105542160652
36,264,-15.761566651806369,-36.683971370787226,4.900767732063641,8.184106370500485
36,276,-17.902167520899162,-60.69028151487043,0.03803206836794263,0.33120876224604034
48,0,-18.777342471614396,-74.46303140847787,7.541508404866622e-07,0.009921254479680487
48,12,-18.482557188642502,-69.51081246087062,0.0001224893844522299,0.10197416488102339
48,24,-17.324637153272295,-53.008698939656625,0.32150469914007473,0.757504214518435
48,36,-17.09986567642291,-50.28455218717237,2.446089632680028,2.101798233545326
48,48,-18.704050760923497,-73.20020003584953,6.004108478131054e-05,0.031880346045186615
48,60,-18.29316119800899,-66.50191904882145,7.472260233672832e-06,0.16140651544991977
48,72,-18.534956113801236,-70.36669933592408,5.0230738267107914e-05,0.08435152122833336
48,84,-18.55695292465555,-70.72908526413502,8.9571389618079e-06,0.07826828149783265
48,96,-16.348243200822967,-42.13445549122647,0.005040067118091719,0.8306571106135351
48,108,-18.69386822154867,-73.02643282293857,5.147668514772306e-06,0.03526604151982966
48,120,-17.46498027313866,-54.78250683390861,0.0002748971810045312,0.4173664528168113
48,132,-13.838371805289654,-23.201215593002484,2.8618370312553024e-08,2.1618177973867985
48,144,-18.727630743004738,-73.60416506293295,0.00033004208531581085,0.02647179991160859
48,156,-17.78252156530894,-59.01394231907828,1.257138930812694e-06,0.3379607700062088
48,168,-10.048440724987302,-9.112163256670913,19.574923429564695,7.772830161430651
48,180,-4.788055927805409,-2.0116575865130915,22.454134755902164,8.721664693738154
48,192,-16.916682181257094,-48.1663782674636,0.7794091498601625,0.8894727364100364
48,204,-18.784880284453894,-74.59412221364286,0.010902149694388182,0.009911365137513967
48,216,-15.788295378319283,-36.91661316733147,0.022469176940276725,1.046811907962043
48,228,-16.546176461425272,-44.14583044328733,0.0015597551812848004,0.7489793670966188
48,240,-18.79824903615692,-74.82717976728402,5.365619540035842e-05,0.003065843299444929
48,252,-18.745811914127668,-73.91714031159064,0.0023659114158392958,0.022353099168041884
48,264,-17.70508994120786,-57.95341860319713,0.9809974835114621,1.3474558882041778
60,0,-18.76368766382685,-74.22613800611065,1.3576273854074203e-08,0.013493551014311085
60,12,-14.935051327154522,-30.15337714418851,5.945485108038504e-06,1.2170594284652618
60,24,-18.695469868114284,-73.05373826943402,0.011796911225483753,0.04199543263518711
60,36,-15.713158826374226,-36.2662662643035,0.0005971094995214205,0.9277281173698462
60,48,-18.728641635479317,-73.62153244154653,2.1832864100099247e-07,0.024527216583579835
60,60,-18.143645951570225,-64.21756732003654,2.892951088984455e-07,0.20422436837894223
60,72,-18.653387349496885,-72.33963343559357,5.617135423742957e-07,0.04741473112718967
60,84,-16.228753263993166,-40.96385004131274,8.273683210693662e-08,0.8474020057975561
60,96,-18.28758395877317,-66.41528826370299,7.333946074302363e-06,0.16033778341694588
60,108,-17.467958852606497,-54.82077801321322,9.990713537652448e-08,0.4714504559419095
60,120,-17.71955699045154,-58.15012939921429,3.019147705587349e-08,0.36519633074480695
60,132,-17.383201165606575,-53.741931460074,4.1409941786352204e-08,0.44285734933351645
60,144,-18.674559116888158,-72.69803554405726,3.160271765795936e-05,0.043762803706227836
60,156,-18.331151102238422,-67.09498212660621,0.020836642267488395,0.16426522577225347
60,168,-5.144223146055772,-2.269055656415577,21.25292766127189,9.084741748046241
60,180,-13.97242208950602,-23.959863672109606,1.3188771562501942,2.1271999891350455
60,192,-18.224839657922274,-65.44831396524631,0.42721834078347515,0.35940028663735896
60,204,-18.28386028407249,-66.35751064370108,0.001319001280371362,0.1790928711789323
60,216,-18.060994988881184,-62.98814185032003,0.00017312512256576775,0.2552348418411376
60,228,-18.163224297029647,-64.51223707111976,9.333854921702508e-06,0.20130241050282713
60,240,-18.792999640042737,-74.73558145023452,5.803174887173616e-07,0.004607955944810086
60,252,-18.384402473170994,-67.93507418851058,0.000470939839922112,0.13667337314385616
72,0,-18.68837839526201,-72.93291666606025,1.7505778057177115e-10,0.03651110787337932
72,12,-17.92770843639565,-61.05415178452454,1.2097461190193506e-07,0.2745305838933387
72,24,-17.917241883572157,-60.904780546887,2.6097245836860807e-06,0.28315094642697786
72,36,-16.887266121577998,-47.83448500821476,7.998477718873642e-06,0.6200258896075209
72,48,-18.726211942925342,-73.57979654991722,5.459364316036967e-09,0.025179068745380024
72,60,-18.557662108273785,-70.74079926187494,8.423097379617294e-10,0.07720738729344367
72,72,-16.684619761342358,-45.608161928451544,1.9426893266262466e-08,0.7172655019404728
72,84,-17.558567083858424,-55.9976182664737,4.665969048985316e-11,0.3945796828187461
72,96,-18.664463858830867,-72.52692201030602,2.088036624848604e-08,0.05196420549306226
72,108,-17.987177752558868,-61.909723336625916,4.5509388544372066e-12,0.282896081200063
72,120,-18.73396791448171,-73.7131060030957,7.945872425204762e-10,0.02303623831324047
72,132,-18.173626912858428,-64.66934601644135,2.4616411286354705e-09,0.25227343021276094
72,144,-18.79714801214384,-74.80795848604438,0.0036916640210224454,0.00548004361881993
72,156,-16.779436829821755,-46.636920975342264,0.022683095531101764,0.7640333727916284
72,168,-13.573472464919023,-21.769172455626098,0.03709827552917429,2.004579942614594
72,180,-16.792635230699624,-46.7819118848043,0.956746936402993,1.193875096882473
72,192,-18.310034746047037,-66.76469291527087,0.03479199063979105,0.22114438715738555
72,204,-18.57925612100339,-71.09839752487925,8.265340535279235e-06,0.07560143088781637
72,216,-18.303523828390865,-66.66317659646744,8.821426850742804e-07,0.15910954661391535
72,228,-18.77371913335844,-74.40009852063844,7.286939144022471e-09,0.010507237713972455
72,240,-18.66244962056222,-72.49282846149544,9.98219524292916e-08,0.04579307141117933
84,0,-18.745569742849717,-73.9129628986747,6.491083149764191e-13,0.019085881435863587
84,12,-13.919293115246056,-23.65637981973579,2.200625526466849e-11,1.516803022043853
84,24,-18.2372736162189,-65.63882972506642,5.31345418612553e-08,0.18386644461078244
84,36,-17.198209168540114,-51.45910983105459,2.3511067343879626e-07,0.5203506578428263
84,48,-18.767628781092053,-74.2944348890569,1.5884523489020006e-11,0.012424867755212102
84,60,-17.460216423675558,-54.721351608014075,3.5169851889671424e-11,0.48155582314134415
84,72,-16.58425488745334,-44.54340413250775,1.2426681650187116e-11,0.7038249074556024
84,84,-18.56516562407474,-70.86485644928875,2.3380774079555415e-13,0.08952959999413856
84,96,-18.64958776990348,-72.2754977110945,1.3162581499463088e-12,0.05276464165844443
84,108,-18.683745145262066,-72.85408374470931,1.5686076946449946e-13,0.03868147527633416
84,120,-18.773256104423236,-74.39206006568789,4.045456016682542e-11,0.011232429836183683
84,132,-18.788643136587773,-74.65964751482569,1.0709064840409117e-06,0.006132260588506524
84,144,-18.668533065506686,-72.5958467761111,0.024121497813883033,0.06164747013611252
84,156,-15.520121659905586,-34.64611189131568,3.44761929328975e-06,1.3359649403361245
84,168,-18.197449539291508,-65.03055595922004,0.003969502204866573,0.206180775972732
84,180,-18.339065142429117,-67.21918304650792,0.017421173418270645,0.214045591036516
84,192,-18.622887056614452,-71.82637710913517,0.0004218434991317044,0.060169666096505606
84,204,-18.61645708708156,-71.71863341776941,3.625701131460367e-08,0.060304955211704286
84,216,-18.751314775570624,-74.01212653703304,7.082767884480182e-10,0.017374835770995953
84,228,-18.731886673956442,-73.67731031658153,4.3158216953956156e-09,0.02483072794966843
96,0,-18.50740451271669,-69.9153827542959,1.833817375607645e-16,0.09307400052581848
96,12,-14.827439118193501,-29.3909245129388,3.482587947230599e-13,1.323963947666598
96,24,-18.335488978777207,-67.16303162027263,1.0506327798961285e-09,0.1536216648327424
96,36,-18.30012070613408,-66.61017664427018,2.88444252468543e-10,0.16028467505229596
96,48,-18.43669305716007,-68.77009361753353,1.7738905111930259e-12,0.12459414339742088
96,60,-16.92397275930634,-48.24898405013177,2.6609028613339295e-14,0.6240054037644299
96,72,-18.655844877024997,-72.3811456305332,2.2273470036998548e-14,0.051344525233325486
96,84,-18.463445514449944,-69.20120251216848,1.4231045432309287e-17,0.11424475695768659
96,96,-18.702403060592335,-73.17205404051326,1.5011604655800748e-13,0.03268087503954842
96,108,-18.7248231833853,-73.55595170500027,1.3838391349146978e-14,0.02623935003165213
96,120,-18.806914626751936,-74.97863075530022,1.2283690193440468e-08,0.0003748783691720992
96,132,-18.529126441827152,-70.27096582918466,5.897735534755944e-06,0.09443440925828714
96,144,-18.427775798470048,-68.62698342252978,2.696366352413482e-06,0.1460382626348877
96,156,-18.45006605916757,-68.98526411596993,1.4110212920443048e-07,0.11276317091095123
96,168,-18.2544908203067,-65.90353757615402,2.5314687201578444e-05,0.200809474768449
96,180,-18.639314672129167,-72.10237169569577,0.00017936855330113986,0.05683489306137081
96,192,-18.709009721084236,-73.28497338782016,6.949905112963549e-07,0.03145296612347643
96,204,-18.72866994524809,-73.6220188684532,6.59465260885686e-11,0.024304837826522933
96,216,-18.745354303125758,-73.90924679625596,3.5716406072320916e-10,0.019957893978744232
108,0,-18.493815333889103,-69.69383361253232,1.5254483229953005e-18,0.09772264320791575
108,12,-16.254347826181778,-41.21188853015009,7.019731992310713e-15,0.8912284589147705
108,24,-18.643009066350285,-72.16458383344772,5.944761144349965e-13,0.051674921384494844
108,36,-18.324644633561366,-66.99304066420113,8.087340165024276e-12,0.19088346559691768
108,48,-18.028278904642846,-62.507920208706835,1.0442030572875106e-15,0.2519006136762148
108,60,-18.310833990095766,-66.7771649852014,8.5934140041239e-17,0.16378033681304088
108,72,-18.308511648662844,-66.74093158871595,2.546110767012416e-18,0.15904991660859774
108,84,-18.52981257163809,-70.28222662098106,1.2857286824579017e-18,0.08644529662055192
108,96,-18.646714120375467,-72.22702865174449,2.6080582675264717e-14,0.05005934954747967
108,108,-18.806351097786067,-74.96877260990202,3.0567576934085385e-12,0.0005461466133480385
108,120,-18.788484604537732,-74.6568857343728,1.0968513265936197e-07,0.006184789605914323
108,132,-18.272788944824917,-66.18601684263594,8.715657999374157e-10,0.18910336020041915
108,144,-18.77284965355955,-74.38500454568427,4.079631865945073e-08,0.010925626818260635
108,156,-18.424081119418144,-68.56777475794885,7.545031820990318e-10,0.14495624346623562
108,168,-18.56554953680331,-70.8712095239357,1.051360325659581e-07,0.08051333931708787
108,180,-18.710719913060693,-73.31423154965478,2.5218069072329714e-07,0.031486087387006534
108,192,-18.763293541522927,-74.21931154277515,1.0591797516028634e-09,0.013778798368097986
108,204,-18.76665944353238,-74.2776311804496,2.3969981970157916e-11,0.013005923844695656
120,0,-18.504199459498306,-69.8630671625126,3.387151175944482e-20,0.09512371041733042
120,12,-18.044600624646314,-62.747045682803304,4.981091961964549e-18,0.25133322705000016
120,24,-18.68151619274232,-72.81618894833252,1.6400279609125175e-14,0.04280531334994072
120,36,-17.813063738677883,-59.4374836401593,7.226415045632288e-15,0.3659492068199665
120,48,-18.44886606749409,-68.96592927835445,3.956322404503765e-18,0.11251648924647499
120,60,-17.193407344566563,-51.40113990157995,8.8831524169894e-21,0.5128121607125768
120,72,-17.453095775123778,-54.63006629723302,5.917287587377937e-19,0.4163540841874703
120,84,-18.33743720579034,-67.19361613276217,3.098109574697769e-19,0.14671184222624825
120,96,-18.807083555956023,-74.98158618296127,2.210859375095961e-12,0.0003212035399467172
120,108,-18.787980296798533,-74.64810087999143,2.1139558088401232e-11,0.006317465020546085
120,120,-18.731394851207682,-73.66885386088558,1.3162538563751806e-11,0.024600400169883362
120,132,-18.73981518445142,-73.81376625716145,1.2891092805321682e-11,0.02128400735348694
120,144,-18.751071385445808,-74.00792277667695,1.4937028993013172e-10,0.01810576355128907
120,156,-18.612399641960074,-71.65072694144075,2.0767680185934138e-12,0.0656825814436697
120,168,-18.64147683711994,-72.13877527608157,1.3008233203190255e-10,0.053604299057280286
120,180,-18.742611939643254,-73.86196009426293,3.1264589115292733e-10,0.02019824542778143
120,192,-18.78851310758493,-74.6573822773756,5.271133710349886e-10,0.0061157043710234225
132,0,-18.66242131114866,-72.49234940127697,4.485084915313665e-23,0.045149001755559776
132,12,-18.44848181230358,-68.95973910480087,8.819540119495248e-20,0.13812601402514174
132,24,-18.547602382123735,-70.57481566610532,1.4333144268093935e-17,0.0864789768070347
132,36,-18.165554657254045,-64.54739940558035,1.8666516562743522e-17,0.20898515226976222
132,48,-16.81398410892641,-47.01737460286595,6.2133057688629135e-22,0.6124222498017686
132,60,-15.453795119143262,-34.105851541189,2.104704966918447e-21,1.005640729932107
132,72,-14.664415015857381,-28.271265679589494,2.398692333503339e-19,1.2025708718045565
132,84,-18.805871082236663,-74.96037642287823,5.05504349725811e-17,0.0006912410961022704
132,96,-18.797350515428548,-74.81149334986331,2.3604149204223063e-11,0.003363687290362774
132,108,-18.75415145307173,-74.06113814736337,2.715134880624556e-15,0.017143517924735716
132,120,-18.76542100348814,-74.25616796926646,8.000706807777794e-13,0.013133066087834114
132,132,-18.66297854390021,-72.50177963194804,3.317094804770624e-14,0.04685257201568238
132,144,-18.760954814535847,-74.17881596134862,3.8166244092497334e-13,0.014634360234079456
132,156,-18.62299221834825,-71.82814057635072,3.2269538720495113e-15,0.05960417582457914
132,168,-18.652567254441294,-72.3257857366538,1.152820125277417e-13,0.04807556941326477
132,180,-18.78201105830491,-74.54419641234766,1.8662640748523364e-10,0.008151577346099186
144,0,-18.717931613960236,-73.4377369709051,7.355571422024055e-24,0.02845380699707927
144,12,-18.35927315563607,-67.53735113034935,5.381867085773738e-23,0.1719534175281686
144,24,-18.54417289164686,-70.51831753723484,2.8712241705471466e-20,0.08272692077317943
144,36,-17.23734032179635,-51.93391701327838,1.5765043223385161e-21,0.5011101224455721
144,48,-10.869282022513385,-11.215976884203245,1.634966763388656e-22,1.9535191782248509
144,60,-12.087789619862763,-15.172567110489922,7.972440075449082e-22,1.7981768616814326
144,72,-18.80607832826249,-74.96400135075848,8.851604377387484e-18,0.0006275679816329497
144,84,-18.791545870953325,-74.7102337596707,5.302964749633188e-16,0.005196649045536336
144,96,-18.778811920238738,-74.48856887539331,1.6487234384417292e-15,0.00926568797863841
144,108,-18.779898573447625,-74.50745932007413,1.4034595154222962e-16,0.00869384939136436
144,120,-18.715062316525756,-73.38857367807171,1.0944590612044125e-15,0.02879716928918336
144,132,-18.692715795762112,-73.0067920824093,7.210977935002411e-17,0.03613436133387091
144,144,-18.732102741141002,-73.68102570285653,6.643589349802887e-16,0.023460837171801432
144,156,-18.60858264363962,-71.58690253482354,4.502526983815937e-18,0.06191214470007129
144,168,-18.755501501978852,-74.08447529855407,7.012805343597798e-14,0.016407466633217467
156,0,-18.659736817359796,-72.44693579342304,1.8160127401322792e-26,0.04729423293818808
156,12,-18.31465244478337,-66.83678302131383,2.928559924803596e-25,0.16282056700414782
156,24,-18.127195945839176,-63.971006482410075,2.114348974432332e-24,0.21404189258358594
156,36,-18.11898026358158,-63.84821501243928,1.0241118271486483e-22,0.22071561109886603
156,48,-5.748337482938236,-2.756935579947374,3.994754713369343e-23,2.4921111900606574
156,60,-18.801949841012217,-74.89182281604714,2.12414601646186e-20,0.0018904069392590307
156,72,-18.763496060621687,-74.22281923237335,3.9411776255625943e-16,0.013979369299746653
156,84,-18.767873886145438,-74.2986844404651,4.0729833924258945e-20,0.012779414413673714
156,96,-18.791465495283802,-74.70883258957261,7.610432467319889e-17,0.00513130595781136
156,108,-18.74007063592545,-73.81816692300849,1.3186766177843857e-19,0.021106063776936
156,120,-18.714917010982358,-73.38608483887403,2.3413194846630592e-18,0.028605044991885608
156,132,-18.630704943798666,-71.95759249032416,1.4999088169036297e-19,0.055172161998306046
156,144,-18.68402038312318,-72.85876445907239,1.2210488019542504e-18,0.038018670561533165
156,156,-18.7345507547352,-73.72313346823658,2.046315784842745e-18,0.022907453110834853
168,0,-18.645423279111974,-72.20526682241085,3.341367729342161e-28,0.0506623791837148
168,12,-17.829741544012535,-59.67002227583084,3.628983014262983e-29,0.32508636937794555
168,24,-18.405853216889664,-68.27640167989102,1.7402084035331906e-25,0.12693063902471624
168,36,-17.163684504876432,-51.04373423991332,3.7828526221851047e-23,0.5293127650659545
168,48,-18.795283059878187,-74.77541193554252,3.40406576629078e-21,0.003918712411749305
168,60,-18.7583603964756,-74.13391853831847,5.406940781297411e-19,0.01571842532259676
168,72,-18.693311556429073,-73.01694495377185,1.994734176334042e-20,0.036505229838933145
168,84,-18.778946846614485,-74.49091418661746,3.787984915511677e-21,0.009018065628896788
168,96,-18.762352663670235,-74.2030174101985,4.876038134270791e-20,0.014159187325127809
168,108,-18.739960923610443,-73.81627687582659,2.660780079996075e-22,0.020970249330617138
168,120,-18.64448510300481,-72.18945450669482,2.147366924166459e-20,0.050202586642528045
168,132,-18.57938724241881,-71.10057433969956,9.257334556568921e-22,0.0706153273264235
168,144,-18.748511976818563,-73.9637317091849,6.671262936335589e-19,0.018271322513973495
180,0,-18.434830784198116,-68.74018232212889,7.185913177876645e-32,0.11759080507437224
180,12,-18.229465483231206,-65.51912813931824,1.7980064052702063e-30,0.192505354598027
180,24,-17.81571889223873,-59.47444470465259,8.399364088284605e-26,0.31601207464727993
180,36,-18.806818468844885,-74.97694851766238,5.360581927653338e-22,0.00040158400815083203
180,48,-18.743631385997496,-73.8795349687871,8.221178647857631e-20,0.020258782194928278
180,60,-18.684928336543702,-72.87420728210115,2.7023328601526196e-23,0.03956825416293159
180,72,-18.741110505488727,-73.83608344114424,1.752730823785996e-21,0.020767887006424162
180,84,-18.730800434000564,-73.65863466259569,1.67697647606793e-24,0.02403252898512921
180,96,-18.758089684531644,-74.12923530698994,1.065920967671627e-22,0.015376722381678564
180,108,-18.6633589452749,-72.50821798282296,1.1846643501008976e-23,0.044506761420916405
180,120,-18.58638453564016,-71.21683543173988,4.624595289663491e-22,0.06798195819672301
180,132,-18.689110838082804,-72.94538659209307,4.46605449942117e-22,0.03668804685631932
192,0,-18.60096558402396,-71.45970446814177,2.411051510082174e-33,0.06573543419220113
192,12,-17.84241513470827,-59.84732824380563,4.509257820412158e-30,0.32749557441068017
192,24,-18.806852957296314,-74.97755187271578,8.027250209838765e-25,0.0003905653564749441
192,36,-18.80063432331818,-74.86883797035883,1.6088561188249308e-20,0.00233616278185151
192,48,-18.66703415533612,-72.5704505223262,2.5900006351479698e-24,0.045239154720254644
192,60,-18.708548304808453,-73.27708139830222,2.9942529188404677e-24,0.031068764383613896
192,72,-18.648665254363625,-72.25993439882768,6.755334517686811e-25,0.04979287920674714
192,84,-18.72581389973155,-73.57296141355526,3.992703881184737e-27,0.025407290017086585
192,96,-18.6794898950168,-72.78175639300738,5.444599134831336e-24,0.039515907751281505
192,108,-18.577860414321133,-71.0752307448447,1.9234232070908772e-25,0.07077952249045266
192,120,-18.6830905426886,-72.8429527191025,2.2496548252723907e-22,0.03829743934835283
204,0,-18.41052449080451,-68.35095550477858,1.0625194108517409e-32,0.1280956538893195
204,12,-18.80644245233568,-74.97037064217947,6.309834963507038e-29,0.0005166713444936912
204,24,-18.8003106969142,-74.86318460716184,2.291795470243961e-23,0.002415634797811295
204,36,-18.790304667653817,-74.68859904666233,5.301761293004729e-25,0.005604910597482266
204,48,-18.68577225713019,-72.8885639052365,4.053090660123221e-25,0.038361281387746776
204,60,-18.613696032736424,-71.67241678434318,2.607002449412658e-27,0.06128881332980539
204,72,-18.62116728493994,-71.79754415107584,2.228773926723231e-27,0.058012583231647714
204,84,-18.601978000317235,-71.47659805988839,1.2768109740203948e-27,0.06363987078082778
204,96,-18.554605074767263,-70.6903181100471,1.155042396120501e-25,0.07791302720789092
204,108,-18.67861458408006,-72.76688734141834,8.361171836910781e-26,0.03970693703228597
216,0,-18.80679277776602,-74.97649907055123,7.856515288603126e-32,0.0004087095430958935
216,12,-18.795681644623492,-74.78236673477265,1.088795955679468e-27,0.003864602923974376
216,24,-18.78894073292624,-74.6648322009019,8.63304513549178e-28,0.005963179223283187
216,36,-18.787624031964704,-74.641895493136,7.457937977879247e-26,0.006338142475999416
216,48,-18.551575769323225,-70.64032987479129,1.300619794998098e-27,0.08170148162568214
216,60,-18.581897458900922,-71.1422604244023,1.4248483743942782e-29,0.0708178496010209
216,72,-18.414725031109857,-68.41806490199632,1.1368902842116632e-27,0.12225179794110447
216,84,-18.403499903207543,-68.23887301020744,7.44824889234973e-30,0.1250534143326944
216,96,-18.654722802715533,-72.36218880151552,5.197107187245942e-26,0.04699590573167239
228,0,-18.79870813750055,-74.83519603312948,1.1623096791717765e-30,0.002896141241635425
228,12,-18.772927699019423,-74.3863592739752,7.188412300073103e-32,0.010992625405428526
228,24,-18.789131715928626,-74.66815966997503,1.0110387938710298e-28,0.005850775128647177
228,36,-18.775019550324604,-74.42267910888219,4.213422350591782e-28,0.010301432377881184
228,48,-18.5455867105537,-70.54160367464414,6.933674124008204e-30,0.08325472501966642
228,60,-18.339739746487883,-67.22978058208905,1.357483784443776e-29,0.1469925269866232
228,72,-17.925644111439677,-61.024662693701906,8.170972430435141e-30,0.2743833853080393
228,84,-18.56550978849717,-70.87055173391423,5.504503912415988e-30,0.07462331016141004
240,0,-18.784372728708032,-74.58528811817537,2.5200980056180967e-34,0.007332227321967921
240,12,-18.758024949649577,-74.12811545717757,4.987120445144829e-33,0.015466677980249225
240,24,-18.775430763486447,-74.42982086822133,2.7376708511831405e-30,0.010128533467689294
240,36,-18.766962354515172,-74.28288181508157,2.9661296167979815e-30,0.012754085479201429
240,48,-18.340782298999137,-67.24616155645643,5.219910704179463e-30,0.1492230959332622
240,60,-17.797087312643846,-59.215560229012794,4.464054924773252e-32,0.3175771651429159
240,72,-18.16760101625336,-64.57829206539984,7.190193490527417e-30,0.19799066494542886
252,0,-18.78081795899427,-74.52344566533154,8.093691584195383e-36,0.008389777288931729
252,12,-18.733760992808694,-73.7095463464004,5.0275385864086814e-33,0.02310814347177988
252,24,-18.76761810761396,-74.29424984122706,1.9325602257567336e-32,0.01251677687102299
252,36,-18.715003257101937,-73.38756207958012,2.3905623038830382e-30,0.028947242454138475
252,48,-17.945500798746433,-61.30889936553796,1.5458356785837276e-32,0.2772312120247404
252,60,-18.134658740150826,-64.08274681206126,4.4918235730369066e-32,0.20983432477536337
264,0,-18.764600743641214,-74.2419555428448,1.8602804516163947e-35,0.013442221347065492
264,12,-18.713219324115613,-73.35701249163459,2.7279826854319447e-35,0.02940783314141971
264,24,-18.70291855076062,-73.18085848898572,1.9084220065551735e-32,0.0326447772700547
264,36,-18.6035530814403,-71.50288833748442,4.1369414210400806e-33,0.06387863104874109
264,48,-18.234745910628327,-65.60005549702714,1.394097106823195e-32,0.18163679827189794
276,0,-18.75179428579033,-74.02040918130896,1.175942749904852e-37,0.01737259169053668
276,12,-18.561756019831602,-70.8084581828536,2.768032767117324e-35,0.07673378065918215
276,24,-18.569491722187937,-70.93647820100195,2.676113814070282e-35,0.07444280438765885
276,36,-18.66137195539798,-72.4745940977909,4.6640610426195846e-33,0.0454334958372814
288,0,-18.659086373412755,-72.43593645092874,1.329711019453233e-37,0.0462000553510657
288,12,-18.362519082188378,-67.58859524559593,2.756392362749799e-38,0.13972879172526262
288,24,-18.62637676798335,-71.88491922297905,3.601511333968611e-35,0.05626545337418455
300,0,-18.518052773641898,-70.08947015719235,1.133887862370746e-40,0.09052369278278696
300,12,-18.447309352881838,-68.94085471009124,4.5218129429459877e-38,0.11218435882931525
312,0,-18.559675890397283,-70.7740725004349,2.1693592577791407e-40,0.0769930104839547
