108,0,11.579853462325078,0.9350121865577108,0.00024979043856212645,8.261206283197254,0.8026225794379926
108,27,-12.823185874093019,0.0496115246517127,3.932232804116118e-05,5.450717637087179,0.7321043228456744
108,54,-10.615424420906756,0.07985698198414048,0.00010878985694652903,4.797451421688878,0.4681128285212294
108,81,-11.333489787763186,0.06852105834869494,0.0004323797034466749,2.627837224953849,0.5552184168837729
108,108,-16.535874951985537,0.021720775917665233,0.010106635497738587,0.8435042739683775,0.6362296518328392
108,135,-13.538651058506566,0.042395622537247456,0.000303521677132073,1.90205237892135,0.7410329277657977
108,162,-8.269312588658446,0.1296474416952223,0.00031852234647086264,4.965405382007803,0.7309189382419521
108,189,-16.379652637882145,0.022498429334899848,0.00030804589431774357,1.9380203895387489,0.7179705931097147
108,216,-16.787671164139965,0.020522365002203842,1.79154921391458e-06,1.5398901858669023,0.5884529835628896
108,243,-10.112741753457046,0.08878632000261569,2.7745576994412348e-06,7.1375788301398515,0.4771030172575428
108,270,-8.722628594156847,0.11831759050404371,0.0007543404935598412,5.071346749605775,0.45618257255101935
108,297,-17.09181653045033,0.019160909208630013,0.0324782245255663,0.9597526255627599,0.22665849305318908
108,324,-17.691069369149123,0.016732648277807776,0.009601282678939949,0.4908165852955971,0.22648236702365998
108,351,-14.868585632649356,0.03156543076150138,0.00030330794220074603,1.6257089476455961,0.40982308074175877
108,378,6.53330059899837,0.8182220781786497,2.136011269737587e-09,28.689357788254576,0.6406106693222677
108,405,0.8317334066165121,0.5477326199461088,1.0237521032311272e-06,8.219191416873336,0.5461673784521807
108,432,11.373124931554013,0.9320591492509855,3.544535279214903e-06,13.384726214348111,0.5316954619973076
108,459,11.218628572348345,0.9297715030015461,5.254886054912711e-06,10.782855879031835,0.5136431589942363
108,486,3.3858586866892493,0.6855988073820128,0.014156875201504377,7.218201927031681,0.5173569352698277
108,513,-18.294902750661507,0.01459236379690585,5.968779728792961e-06,0.17659723271617375,0.5609552820900954
108,540,-10.017287425812281,0.09058065287981984,0.0018217840529371168,3.6070996208604305,0.6219933298876288
108,567,-14.222684466383857,0.03644258304219541,0.0004582152384603932,2.149144246252466,0.606591644211441
108,594,-16.738047138322877,0.02075331117305433,0.00018183562671111528,1.1019199425501893,0.4885807918951288
108,621,-15.56691806933766,0.02700346449798488,0.0008987314795518632,1.7588185277197774,0.6262167754226213
108,648,-14.727950976646856,0.03257048570701957,0.0016059806516849206,4.650862955565526,0.5081414540029365
108,675,-5.6807442814985345,0.2128150564565917,0.003070849279775688,13.371845668106323,0.4532112122810571
135,0,-3.9575487510219953,0.28674221958416246,1.7085298558518793e-06,3.4664570741604073,0.734223631170281
135,27,-9.535303343934233,0.10014768276555004,0.00014713957342914508,7.830037724094822,0.7141584745501124
135,54,-6.721183679581309,0.17543176487732862,0.000310992313104125,3.5695988421801745,0.5617171251510534
135,81,-12.749882755767018,0.0504134345707366,0.0022199378071285853,2.4180244361625944,0.6684028940210285
135,108,-11.017251845245713,0.07331720733729685,0.0017457757896585588,2.832686887425887,0.6997913158586148
135,135,-6.1350616921829,0.19581639308534568,0.00031183581707641445,5.1633976217489295,0.7157327580877622
135,162,-14.931035244937629,0.031128809923693802,0.00011661980128627999,2.382229256783182,0.7136757938364685
135,189,-15.71288819540688,0.026134263570629267,8.742739970468134e-05,2.3130417069077667,0.7224533118714123
135,216,-11.608960090890715,0.06458175285688154,8.535466882737666e-07,8.964799284715399,0.5512608025214647
135,243,-8.14986114564418,0.1327827856592608,1.3749513649521005e-05,4.423975688230391,0.4576830445071475
135,270,-12.449441945010618,0.05383007031128441,0.00011679465192460987,3.350561171871379,0.4376792937771953
135,297,-17.684990884545197,0.016755691387799625,0.03847548185478495,0.5651466575048835,0.2601963647795058
135,324,-12.081666490139266,0.05830978103382816,0.015978043113148148,2.952182294944307,0.33992108269846577
135,351,15.529748054770387,0.9727707488644065,2.8381616477653196e-14,6.30404153231388,0.610165487548536
135,378,1.5522042276276236,0.5884128955424672,5.3653177106138957e-08,11.981726914072727,0.5357307604224018
135,405,11.135047994877672,0.928504422704321,5.5168016105774966e-08,17.10548772744261,0.533179864915277
135,432,22.968235539762354,0.9949766972264348,1.5008011460465048e-08,19.06197531928028,0.5822941968528916
135,459,17.409497490444398,0.9821665491285225,1.0667988324140279e-07,13.36727665626884,0.5546776728778575
135,486,-2.5901708541561135,0.3551657145928861,7.471966253335405e-05,9.654772469866149,0.5038217273009351
135,513,-5.65541499613078,0.2137937451041669,1.6419227442436357e-07,4.151053232299021,0.6139791285742946
135,540,-10.416145017878893,0.0832943258833058,0.00016955004711749797,3.0987884404529336,0.6366885777102064
135,567,-13.073563342199888,0.04696275220631669,0.0019448381812085882,3.3972605166082466,0.5379803800936513
135,594,-15.852427326666685,0.025328844686465325,0.0010419002825144197,1.4485519193225358,0.5976474917269328
135,621,-15.005606025714538,0.030615097647503225,0.0018226112817904142,3.523841246891275,0.5325960593143622
135,648,-11.657096736038255,0.06391538838678673,0.0005827047671882464,8.506129067520906,0.4753201955051576
162,0,-0.49111956550331315,0.4717589745700751,2.9922943486029553e-06,8.633511816056764,0.7191866298489142
162,27,-5.534813882420164,0.21849848734798025,6.866922502348009e-05,6.053417133203087,0.7075041063509662
162,54,-7.383024517288072,0.15446471399708406,0.001523897570035091,3.8315660352184047,0.67028057589046
162,81,-9.41450453782937,0.10268234089483887,0.0005340517710058065,4.480173586590915,0.7029019582155551
162,108,-10.002989385502222,0.09085222002896555,0.00439422088846207,4.8925438135204615,0.6759223845300473
162,135,-12.456982516061059,0.05374170585747244,0.0001891828146673089,2.9449225511288555,0.7059719069372377
162,162,-12.784123690379335,0.05003733468580161,2.6989207067190744e-05,3.8130622323216814,0.7217505424485346
162,189,-10.674865000083404,0.07885705104317388,4.375368374135107e-05,8.356616862583866,0.7092289419108764
162,216,-10.292872674603395,0.08548745712033125,8.222160464725942e-06,4.72646412834803,0.5105013066226829
162,243,-11.88211912710302,0.06088454634771943,8.579935473532371e-06,2.9627804542857663,0.44502632206600357
162,270,-13.896260883335463,0.03917579746824194,0.0018873752117734128,2.515968779329984,0.4280252419229844
162,297,-12.221660750958653,0.05656476865910393,0.06753885599790249,3.5660721596704286,0.35977944838187415
162,324,13.8077914888572,0.9600501837426517,2.9313929640416777e-13,4.542501228172482,0.5712565742204663
162,351,-9.319448558244536,0.10471663095107991,1.8952108691385082e-08,8.464562174412146,0.4913948932325922
162,378,11.521253561450415,0.9341874565123677,2.3590767798607863e-08,22.23895270946083,0.52267310331848
162,405,20.142926601085467,0.9904164768412291,6.485141696943354e-09,23.12582888924677,0.5690209013489673
162,432,24.7798448463743,0.9966843159546299,8.375248888806417e-09,23.64190686466196,0.5950896266722319
162,459,9.048227592370498,0.8892823376941872,2.262116748948286e-07,16.860462770373218,0.5400993786672659
162,486,1.1071345024072219,0.5633888641363265,1.2779602188947503e-05,13.9436530428207,0.5233034129674302
162,513,-3.659429031343591,0.3009843894327972,1.438924840261185e-08,3.64266470611311,0.6302171515025163
162,540,-9.918087648364427,0.0924799263559013,0.0006329472754239798,4.349756552890704,0.5772206711899583
162,567,-15.84470459518289,0.02537278131558625,0.012185966750912804,2.074810482115641,0.6081496609477656
162,594,-16.399014751929545,0.02240058991985585,0.001759496827940702,1.4357852258306014,0.5399624607767999
162,621,-12.84846379091123,0.04933780720332219,0.01001282697996575,6.849026882645486,0.5154167403100245
189,0,-1.6950153170900564,0.4036470818025509,0.00013948841899143029,8.673445955869305,0.7104735550937054
189,27,-14.580194398079858,0.03365973077503537,0.0003446968326260137,3.1176532523449776,0.7267000948496811
189,54,-4.208048025231974,0.27509205937173187,0.00030252164085875326,6.209791498701487,0.6999297721114633
189,81,-10.240875461461524,0.08642814018136283,0.0020392198590784443,7.206484465017401,0.6798560747207218
189,108,-14.246405044242838,0.03625127711232103,0.0029787260355966716,2.374179238588854,0.6686585993363514
189,135,-8.334500911869004,0.127963104764535,3.7730639416117554e-05,4.550362060036762,0.7186431950328207
189,162,-4.499812814802186,0.261899299141635,7.282842891767724e-06,10.390807477113864,0.7212391261217685
189,189,-4.512936562345879,0.2613155707531997,3.082736096555087e-05,6.466797700449591,0.689342442712259
189,216,-12.105439697255454,0.05800993170638754,2.9913290288970654e-06,3.2707657969881185,0.5019969930075158
189,243,-14.27445333581794,0.0360263152327674,0.0001147509302053208,2.0236753630874698,0.4294917246645664
189,270,-11.100825074647807,0.07202046040985535,0.0010933829303543738,4.7836131136215,0.48365477760921327
189,297,14.459994411787484,0.9654283116475785,4.5639714876428955e-14,5.903128001639937,0.5556068540834617
189,324,-0.16487941310423385,0.4905099178675511,8.518169693188492e-09,16.52026819959645,0.496766358261576
189,351,-2.415103284049519,0.3644507680550081,3.635950709300197e-08,18.404532892474357,0.5039402975861684
189,378,20.130300869662364,0.9903888434229402,4.4323247731783664e-09,28.50210524222432,0.5580324183871463
189,405,20.639179094578918,0.9914424469694655,4.438161138117021e-09,26.77340915817898,0.5787936996053615
189,432,14.042515164300726,0.962072326294985,3.810489324137765e-08,27.960431475377355,0.5756921609719177
189,459,10.294132471840967,0.9145352183438233,2.24995315365088e-08,21.52243949653915,0.5468515537747223
189,486,-2.4128981318765335,0.36456838562531596,1.791942767537906e-05,14.598653752104997,0.5389555150002041
189,513,-11.98063904690823,0.059600316962493946,2.5182957749042208e-08,2.9703750875125543,0.5771978044438524
189,540,-14.846384575353433,0.031722073989329407,0.004801237463565088,2.5603705967760506,0.6206043781678723
189,567,-16.476671901018516,0.022012338644305823,0.010910350524215741,1.9181952082453202,0.5577625963801737
189,594,-15.38079294318952,0.02815261719971787,0.000659424217405041,3.368677160726542,0.5198415513217292
216,0,-14.357454332616605,0.0353684501087267,0.0011388278630855698,4.381294132419947,0.7232340094904426
216,27,-14.052363549798283,0.03784501480095039,6.638641881177797e-05,5.205636044013487,0.7445315119737843
216,54,-7.971528599101557,0.13758291088726063,0.0015630522063698512,9.305792683446317,0.6740694685218598
216,81,-15.419197130671265,0.027911682154664545,0.0016980884971312218,2.5437837859505015,0.6708891715725678
216,108,-10.972282189123586,0.07402383624453468,0.0009405058771041879,4.057361111921125,0.6846553156980877
216,135,1.8767479819488035,0.6063838946591219,8.492368254398366e-06,8.113725449403097,0.7193719303511117
216,162,3.163890459610208,0.6744788101980068,3.0470229746912737e-06,9.590392028341963,0.7088008430538351
216,189,-3.929277548180727,0.28807543376440553,1.142781682340554e-05,5.330336565460425,0.6828739670434263
216,216,-11.727085150089664,0.06295794824133713,1.8394393698436245e-05,3.1083898612577787,0.4905672502704391
216,243,-10.703611333056411,0.07837758795745224,4.853623965646542e-05,4.0581511749949986,0.48930930460892264
216,270,-2.9461077825550714,0.336626005731309,3.3085466156514515e-09,8.143396472005085,0.5731836508731247
216,297,-0.408694870771241,0.476490978858064,3.441242187677334e-09,21.871553536784297,0.4923580450528271
216,324,6.292040073421232,0.8098130322835114,1.2545472205950133e-08,27.83780867500886,0.49390634906109643
216,351,0.6040589631927463,0.5347164785336854,1.567311890404344e-08,26.142663844309556,0.5334498205990578
216,378,19.784225303655344,0.9895999095459905,4.804260737480812e-09,31.65442503794216,0.5668795036384386
216,405,8.393520177925645,0.8735456972993616,2.474911861990803e-08,30.52334985267164,0.5641884506798323
216,432,15.312521649012393,0.971414076475482,4.192753847643691e-09,32.67490446427789,0.5826825990656396
216,459,5.366678999153947,0.7748187515134497,1.0083324255312503e-08,22.439958022172092,0.5531061498486232
216,486,-10.149020487340842,0.08811281270458195,2.710239532113512e-05,14.596140733796371,0.49909340520732903
216,513,-15.031921947240338,0.030435776557327078,2.29945435977761e-08,2.0688065032824836,0.6082054993320404
216,540,-16.32463685821022,0.022778715570843995,0.00379175618219775,1.7149475581323081,0.574564280046078
216,567,-14.93159618278991,0.03112491469738163,0.0034835113302612596,5.619895930833054,0.5397685360911929
243,0,-12.199529409469477,0.0568373292637326,0.0010790702290239898,8.68608758318869,0.7407380682476068
243,27,-13.107521126786203,0.046614029238476566,0.0004345501422734904,10.162215576818543,0.7235359515713408
243,54,-13.801736874117763,0.04000332065576911,0.0018474802562061868,4.083820323822981,0.663811944401338
243,81,-13.66038456900931,0.04127213115491535,0.0006857576042781864,4.209732461875784,0.6797730725428482
243,108,-3.812965787241814,0.2935990738333664,0.000312946704169178,7.351311239150204,0.6887069941815707
243,135,11.476666900491105,0.9335534412122118,3.2738286291308826e-06,9.647731915318749,0.7115625953579693
243,162,3.953279314304443,0.7130566788493873,1.284892919734354e-06,7.399925298289778,0.7040946848967143
243,189,-0.5494966261288601,0.4684105629336376,1.5664349669097037e-05,5.320069962511168,0.6709946646627782
