24,0,-4.050640413127167,-1.5413474264654958,22.707955981816692,22.70795598442914
24,12,-4.050640613669609,-1.5413475438162916,22.707955638221506,22.707955734668246
24,24,-4.050640829256741,-1.5413476699707478,22.707955591942465,22.707955609202322
24,36,-4.050640407042535,-1.541347422904971,22.707955992329882,22.70795599234079
24,48,-4.050640775153786,-1.5413476383114881,22.70795508857408,22.707955291396424
24,60,-4.0506404093361335,-1.541347424247109,22.707955984725192,22.707955989327658
24,72,-4.050640434464359,-1.541347438951314,22.707955904493453,22.70795592474014
24,84,-4.050640300609453,-1.5413473606238584,22.707954699349493,22.70795567826346
24,96,-4.050640622443595,-1.541347548950538,22.707955729684482,22.70795578521313
24,108,-4.050640407134737,-1.5413474229589244,22.70795599222129,22.707955992231824
24,120,-4.050640473790928,-1.5413474619639196,22.70795585772776,22.707955882488953
24,132,-4.050640527221433,-1.5413474932296816,22.70795587379717,22.707955884631314
24,144,-4.050640581888899,-1.5413475252192725,22.70795562372074,22.70795568534648
24,156,-4.0506411909071325,-1.541347881596605,22.70795365143589,22.7079540219908
24,168,-4.0506405966360095,-1.5413475338487932,22.70795580372314,22.70795581637646
24,180,-4.050641766757383,-1.541348218565176,22.707954171050524,22.70795440907461
24,192,-4.05064038863948,-1.5413474121361133,22.70795577140924,22.707955992070957
24,204,-4.050640409568135,-1.5413474243828684,22.70795598494843,22.707955988630957
24,216,-4.050642359087942,-1.5413485651775272,22.707946044631974,22.707962580421828
24,228,-4.050667094752195,-1.5413630397164622,22.70792511655479,22.70792948901112
24,240,-4.050640508613109,-1.5413474823407065,22.707955847271275,22.70795586508025
24,252,-4.050640380357933,-1.5413474072900262,22.707954371725748,22.707954803104215
24,264,-4.0506404192567,-1.541347430052296,22.707955960813713,22.707955968858602
24,276,-4.050640859017504,-1.541347687385762,22.707955269361477,22.707955442818076
24,288,-4.050640407124176,-1.5413474229527444,22.70795599217014,22.70795599221056
36,0,-10.504073588254915,-10.230713770627673,14.781778405379802,14.851956249830714
36,12,-4.818679374717158,-2.032968763013958,21.410254493874795,21.591624662101502
36,24,-17.672713505885195,-57.51555797325318,0.05359013720396276,0.45495852659050207
36,36,-16.691464321037106,-45.68167514969142,2.372550322711573e-07,0.8084691017254255
36,48,-16.529686111159513,-43.97473479697217,1.1496437850261815e-06,1.321620980429329
36,60,-14.2506113272336,-25.610996185934223,7.128291385704319e-05,2.009648618079635
36,72,-4.673401341390435,-1.9331895841927111,0.0011081112230708944,13.383229812055943
36,84,-17.77167245368494,-58.86420857640064,0.026267979499726465,0.3612113448634371
36,96,-12.603605023931939,-17.212119965325392,0.0011449942440465936,3.8415831241959264
36,108,-16.549880615373688,-44.18435233302466,2.4284979246008873e-07,0.8269612732053389
36,120,-15.170278068099805,-31.887268711303612,2.0972874746471523e-08,1.703303487065814
36,132,-15.749307712526033,-36.577749867104096,5.0297048795622134e-05,1.1343836921331263
36,144,-5.769325085983386,-2.775135189931697,20.89619198448172,20.966922136686275
36,156,-13.982532044520282,-24.018035500813514,7.807962421401134,7.979770284224577
36,168,-14.90171445601587,-29.91515623358479,5.311595556401871e-06,1.88629624035315
36,180,-12.415745765373615,-16.441128287551823,2.1152035687115727e-15,4.299943371751211
36,192,-4.565869662823113,-1.8614553018591473,0.01796137499170529,6.427382850050205
36,204,-16.24526198421732,-41.12366967102956,3.838154027284824e-06,1.0049298275844114
36,216,-17.07333592937054,-49.97222517006131,6.43243277946941e-08,0.6062187104015809
36,228,-4.276403233232467,-1.6769503932645473,22.253080215586262,22.356068419988347
36,240,-15.120768755486491,-31.514484699152042,2.4769812617944964e-06,1.7418385285327656
36,252,-8.332975128716248,-5.812358786362736,6.91383024591277e-05,5.231328574633424
36,264,-6.5616002909344715,-3.530644946284051,7.591950389871222e-07,8.345546142015623
36,276,-16.144513099065307,-40.15772015269211,1.0160703630181263e-05,1.0537582891121777
48,0,-13.906187300697228,-23.58208579388785,3.522705383659666e-08,2.889074931954467
48,12,-15.285387401576138,-32.770597151860066,3.7355660502775925e-08,1.4936447706333915
48,24,-12.392770608310261,-16.349104415527567,5.73558274623998e-07,3.1173022218976536
48,36,-18.091481818672392,-63.43890944445438,2.941685699983413e-12,0.22558400220934618
48,48,-17.49410699504949,-55.15787935345977,1.5269982701334306e-11,0.45221038646277056
48,60,-17.45522364376319,-54.65732947516371,5.244408657085903e-09,0.5093022323428854
48,72,-11.300530352841315,-12.491276256433176,1.2198350930512144e-08,6.257166832924616
48,84,-14.50311023827348,-27.20402064006111,1.1135803487947708e-07,1.9758194378973046
48,96,-15.193897232869428,-32.06661381513611,2.0230701838615507e-10,1.3087109958411154
48,108,-15.775377592490205,-36.804000413924115,3.407894828963585e-13,1.1065038570185728
48,120,-12.020644448960416,-14.924450122071304,7.079417310335369e-12,2.362444545478642
48,132,-17.88701867481958,-60.47547137811003,2.25919386393719e-15,0.30022389262303156
48,144,-18.36007564906579,-67.55001669671618,6.343326336172628e-12,0.14457230693592604
48,156,-4.607312108488188,-1.8888913655122197,4.828943265438238e-12,5.586097058448418
48,168,-11.255058315423064,-12.350755163319013,1.7176873546459681e-10,5.405862524052523
48,180,-15.710760738744867,-36.24569425456529,5.994734791360669e-10,1.4813084850938338
48,192,-15.528582139953347,-34.71562167756091,6.2219686427196684e-09,2.2747368442420304
48,204,-17.282380589488334,-52.48574617029233,3.845550836401206e-12,0.5403720742141822
48,216,-16.948966159321845,-48.53322626199528,1.8044580835034297e-09,0.7019540352060003
48,228,-15.302571558822379,-32.904485307226736,2.9283290063238885e-13,1.524280295526324
48,240,-13.506014003878695,-21.418234123854088,4.040539310049776e-13,2.524707067874425
48,252,-14.272118758355084,-25.743107854433166,2.6252828777739057e-10,2.0780908693955986
48,264,-12.128836765371503,-15.32614602204741,1.2194011706705596e-11,3.0269866104122456
60,0,-17.988269858715302,-61.925545028620704,5.194589969529172e-19,0.25845098137924805
60,12,-15.49467678258707,-34.43787551711052,3.560244797528963e-10,1.6515044776191063
60,24,-16.754381316321354,-46.36288315400284,5.855015905789336e-13,0.732201825869094
60,36,-17.213111793413653,-51.63943017183983,1.8435153009287146e-15,0.511226953445962
60,48,-17.671634075726743,-57.50101585685014,4.7365982523208905e-14,0.37679801589935
60,60,-16.878022383918896,-47.730653823944444,5.261374465886428e-13,0.7395135001725917
60,72,-17.415835428675916,-54.15482905226931,1.36328677387229e-14,0.4611545017608622
60,84,-16.06489429673558,-39.410053896002964,1.740215018298946e-15,1.1044835820303616
60,96,-15.13633736779915,-31.631251970457022,1.250341067214612e-16,1.370827337521536
60,108,-15.151388363999045,-31.74453567397739,2.461618463681394e-16,1.2950357129289978
60,120,-3.622530357580305,-1.3027831118074658,3.285640966992423e-17,13.515737843449593
60,132,-16.83942288649039,-47.2994614892534,1.6723499093354273e-16,0.6512716204776725
60,144,-18.158381437926643,-64.43922446811906,2.036201312277298e-15,0.21941820427942083
60,156,-15.457141723890494,-34.13291398203307,7.400758349267403e-15,1.8441451798348425
60,168,-10.18686434387859,-9.439661914449818,1.6554831729274488e-11,5.820797829066745
60,180,-16.93930187407434,-48.42312332094606,7.713341446841336e-14,0.6753251341276355
60,192,-10.876760829291744,-11.23703163948161,1.6682683065277552e-16,3.8686178793303787
60,204,-17.608287059288187,-56.65390204965638,8.363066516409068e-15,0.44501136118658907
60,216,-16.826259832118428,-47.15329202132781,1.2401662100874113e-14,0.8879647775779531
60,228,-14.86998255807249,-29.690096627564124,3.9694560436095554e-19,1.4904851385233493
60,240,-15.57887086415729,-35.13159107700162,1.6180645943374625e-13,1.1984018960918006
60,252,0.7113052100983459,0.1510746956931026,8.209257687176228e-15,17.423934085108048
72,0,-18.155162818892844,-64.39074448201207,5.815021217790527e-15,0.2200644359106509
72,12,-15.492618680445121,-34.42108564490496,1.5159328028976598e-13,1.313828104914131
72,24,-14.953257698758645,-30.284251591527315,3.6703577867020846e-17,1.2618406449092836
72,36,-16.8198782916452,-47.08258734118349,1.9399354980354756e-18,0.7030035449867349
72,48,-18.223609972178327,-65.42950208047743,1.0821585385348185e-17,0.19058617423214372
72,60,-16.66927951756249,-45.443821982545565,5.159407267336265e-16,0.7472929903198526
72,72,-12.326283034562135,-16.085524025036516,5.271167424354943e-18,2.652669808985361
72,84,-17.653680294990206,-57.259671230509305,1.0834950789349115e-20,0.39321478330837434
72,96,-16.052205117282135,-39.29215646192514,5.402826707680554e-20,1.0578357338775672
72,108,-16.33769974727887,-42.029864126069555,3.6664706392279126e-20,1.2879980373945457
72,120,-17.378858890045628,-53.68722531788861,4.174276769408933e-18,0.48118457937894066
72,132,-17.9612491603191,-61.535253693089665,2.6693789403166964e-17,0.2733840879305985
72,144,-17.4804225526434,-54.98120665115939,2.8546403583480934e-19,0.466598501809929
72,156,-12.857175042865522,-18.30712037407652,2.905894718968936e-16,1.9511563022326948
72,168,-15.505213952867674,-34.52396187422071,6.248910006099235e-12,2.0713759675678514
72,180,-10.503652640850953,-10.229625267112596,1.5046403895923914e-18,3.666659850064644
72,192,-17.451500363834825,-54.60963395478324,4.8294366603456e-20,0.47070914940932057
72,204,-7.733097323209243,-4.933483408689323,2.377412531123001e-19,4.122124954905712
72,216,11.041215732237795,0.9213174499317667,9.979819263817604e-18,9.998927392942926
72,228,-14.007462160731851,-24.162061301475088,1.4278293339598495e-16,1.5887247725134017
72,240,-2.8256235185317564,-0.9167362296605,3.525304850030755e-16,31.086845543555466
84,0,-17.819244183523494,-59.52355345260246,1.0975836557409294e-17,0.3422951381125887
84,12,-16.272209064860103,-41.3858509392357,5.1590554018276626e-17,0.8819798257322021
84,24,-18.151033078994885,-64.32859347075183,3.6249026892999935e-21,0.20838807947272223
84,36,-15.249435006480951,-32.49218648090308,6.037206096948536e-22,1.288080144244409
84,48,-18.171999514519793,-64.6447428570097,3.1658854532464714e-20,0.2009869439009794
84,60,-17.469622817750235,-54.842169402905775,2.5186338380920144e-18,0.4617781748918848
84,72,-3.3247576762200315,-1.1501847018957196,2.100860577111281e-22,4.250262916476074
84,84,-18.600311052626154,-71.44878478578356,9.171033257391955e-25,0.0657953628000157
84,96,-17.320621154000023,-52.95877920767303,5.1118302238047385e-23,0.7165870959744792
84,108,-18.57616706325292,-71.04713347830233,3.1799179314154283e-25,0.07337515870784067
84,120,-18.530313325826555,-70.29044614321117,5.281052289685721e-21,0.08777402521068614
84,132,-18.438446290634904,-68.79826527590278,1.717629619185606e-21,0.11459966197565809
84,144,-6.878261264517915,-3.8733334292707973,1.4530985640426203e-19,3.1979045158081854
84,156,-16.47823849310373,-43.44509607279334,2.759548063614576e-16,0.9027602189196987
84,168,-13.809725210840378,-23.042106746727757,6.0819080774860066e-15,3.1018502879440595
84,180,-12.057436728592148,-15.059930919325733,7.365110844008663e-22,2.4058692950827205
84,192,-18.089359561025038,-63.40742791167645,1.408006971508707e-25,0.2637948243772397
84,204,65.29886904814336,0.9999997048022145,4.0186255522079306e-24,24.26066199537062
84,216,-11.561950128767178,-13.3283114437502,1.0211338390576535e-17,3.5585244102000586
84,228,-16.17663993103317,-40.46331232963754,2.575205531320718e-18,3.1515391286705237
96,0,-18.082090120990575,-63.29970968829052,1.3389052510178512e-21,0.23405539414535537
96,12,-17.610292810021267,-56.680535145111214,2.0278083680261482e-20,0.3863049760291406
96,24,-12.68301057859915,-17.548169580086817,4.759379862430427e-24,1.8186039257129432
96,36,-18.288942177111423,-66.43637510780009,6.297259640088381e-25,0.19407460091191903
96,48,-17.95549691295822,-61.45248033445239,3.284339445061377e-21,0.2699745201055009
96,60,-17.295346798910536,-52.64567076221122,2.692512591821062e-21,0.5285216503671566
96,72,-8.895619325705452,-6.754645206035663,6.577205435366253e-25,3.6290483515650127
96,84,-18.29817961993944,-66.57996491881593,2.9423818291569794e-25,0.1635712635167515
96,96,-18.122725027761053,-63.90415539610167,6.601348295353652e-28,0.2203439428658559
96,108,-17.528220447855755,-55.6007316041859,2.0618250191167807e-25,0.3965027002457554
96,120,-18.339253289193348,-67.22213852881629,1.8948856892693428e-23,0.14524364548082616
96,132,-8.690149366454849,-6.396307126638898,6.574257189362968e-21,2.8505327540443557
96,144,-15.562530203458971,-34.99589864993898,2.636743325925107e-19,1.5701159826590627
96,156,-15.317552125471073,-33.02163747505008,6.184313118365036e-19,1.3717824782465429
96,168,-17.816352117777953,-59.48326285830759,3.3540322139557926e-19,0.39553434074843846
96,180,-14.581216702878484,-27.715849616486242,3.0878187832892003e-27,1.6323160239827381
96,192,76.38115802460155,0.9999999769917177,1.0809331403728662e-27,26.575435848036037
96,204,-3.025545259394688,-1.0070330584360825,1.3126197165923703e-20,6.47332422120978
96,216,-18.382112939911647,-67.89874226249398,6.48486186613734e-22,0.14177596382865496
108,0,-18.074620642120678,-63.18921495360753,1.505738153718794e-24,0.23099261549118688
108,12,-13.518318894752085,-21.481841904883307,2.3676359982745836e-23,1.6665554219022012
108,24,-18.671800269108896,-72.65123386824017,3.2962259252134506e-28,0.04304484942074976
108,36,-18.28130050453975,-66.3178210825735,8.683584917381339e-27,0.1815237811403756
108,48,-16.614741651912233,-44.86423617993419,2.0525913578666134e-22,0.6935975153066568
108,60,-17.862364189398544,-60.12746968442372,7.085666445753248e-23,0.32156817527268894
108,72,-9.272445450918719,-7.457549437749151,9.379779550260161e-26,3.703057327739453
108,84,-18.151797952446152,-64.34010006575868,7.786521328948519e-30,0.20489849798804008
108,96,-18.693562396016475,-73.02122014420021,4.486553817726006e-31,0.035575770057919086
108,108,-17.597913670027932,-56.516356512578675,2.5835606696352248e-28,0.3833059265932727
108,120,-14.305745470084519,-25.950979084425153,1.8343200310547683e-22,1.5840046137042905
108,132,-13.745618929608964,-22.689827204792813,1.4740621546601236e-21,2.5856980893672286
108,144,-14.050270229358553,-24.411308164201106,3.707105434895962e-21,2.413848473511189
108,156,-16.88676274657198,-47.828825107926946,2.5343833344124285e-23,0.6969411067711002
108,168,-18.042128495346127,-62.71076935375568,7.000300372713231e-24,0.273074314653565
108,180,63.50787817475095,0.9999995541259649,5.317425506192694e-29,27.3769269930671
108,192,-4.713493642860065,-1.9603929704083014,2.8355979072406214e-24,6.260913801016863
108,204,-12.895060595512678,-18.476282242935465,5.1586794973420945e-24,2.1423983244325404
120,0,-13.297346202155103,-20.366560664499325,1.9637114057769094e-27,1.612609404782098
120,12,-18.160566307035904,-64.47215422353158,7.049547512017523e-27,0.20784491490857174
120,24,-18.711618220647892,-73.32960451555874,1.4786591419410435e-30,0.030491006338884852
120,36,-17.11442914676019,-50.45681657649982,1.0037218716026868e-27,0.6068265740376376
120,48,-16.914592782590358,-48.142729922368616,9.009253643314406e-24,0.6072650372365501
120,60,-18.278667813797163,-66.27702542314081,6.361921806806714e-24,0.17647452050767257
120,72,-8.338232971126208,-5.820611251253405,1.6177420895179802e-29,3.249911925510789
120,84,-17.484372129780965,-55.03214044639999,4.6144233141103515e-33,0.41110038071709937
120,96,-18.74764091753605,-73.94869783029421,7.052177693887132e-33,0.020036473947597905
120,108,-17.08231039685801,-50.077665503545795,5.360938388806636e-28,0.5553665924658814
120,120,-17.33082609555868,-53.08571926001295,3.3746947587009425e-24,0.5785274003031428
120,132,-11.557544900231044,-13.31378501351823,7.9389944534419195e-22,4.230305624422142
120,144,-15.007435408025852,-30.6769632536448,1.4740852698219768e-24,1.5232387225425927
120,156,-16.880584888485256,-47.75941526927567,9.057431384748512e-26,0.736679662111845
120,168,29.019612213273142,0.9987467469255915,3.3105038148358844e-25,38.866056776604886
120,180,-2.6843132752684045,-0.8553734067773937,1.241210872975424e-26,6.3906457135768555
120,192,-7.297855152451742,-4.367666382817847,1.4050784375158946e-27,3.0546309055313743
132,0,-17.989036415125355,-61.93665275370853,4.67777738437945e-31,0.2551712283628846
132,12,-18.488180773092566,-69.60217451144065,1.034237556291456e-28,0.10287896724840619
132,24,-18.566575174321354,-70.88818476007242,6.344175989138329e-33,0.07977915317389167
132,36,-17.102427662586262,-50.31481485018656,2.3987409983240235e-28,0.5935206909763053
132,48,-17.36445527190443,-53.506152527200285,2.216470526873781e-24,0.46512017281378704
132,60,-18.42140287604107,-68.52488634903212,6.98614709580967e-28,0.12718132777766686
132,72,-12.041822682707275,-15.002294851407928,1.3948812660082625e-32,2.3322912079569162
132,84,-18.722638858047883,-73.51846250966925,3.9483579175159427e-35,0.027257515839883964
132,96,-18.3646917283993,-67.62291666546807,2.6735810673924303e-32,0.1397386947215278
132,108,-13.971925556444877,-23.95701014999876,1.764144517406391e-27,1.4999901445331756
132,120,-14.363541369067876,-26.312039816823113,2.8021645748656346e-23,1.7264651081821523
132,132,-13.815588081823577,-23.074584929660002,2.3032668331668275e-25,2.310565173786616
132,144,-16.676739845296527,-45.52367192671068,3.5803084671799046e-26,0.9039170081172074
132,156,3.8580210627366047,0.5886628887856804,6.632060621149237e-26,23.36551913782203
132,168,-12.502784144926402,-16.794197825546046,2.6132529053026795e-25,3.3455699115709687
132,180,-5.480695178477203,-2.5323970861530003,6.267626802520791e-30,3.8727978624024453
144,0,-18.303582189740595,-66.66408587370003,1.1215829735388847e-32,0.1583256667866428
144,12,-18.558673458150665,-70.75750762456359,1.8496254050482586e-30,0.08293520621360305
144,24,-18.55686465581632,-70.72762741030137,7.288017129439095e-35,0.08284923086472448
144,36,-17.198285185642913,-51.46002806156671,5.092336793832229e-29,0.5355709936868759
144,48,-17.655228933455458,-57.28044958706818,1.989136657626116e-28,0.37821645548697636
144,60,-18.610172939096017,-71.61348720572238,1.1855021976204925e-32,0.06307774124219423
144,72,-18.128949417445167,-63.99724393685524,8.084449072583212e-36,0.3127545213680455
144,84,-18.656829934087032,-72.39779166613197,3.992195288176077e-34,0.04668436324072093
144,96,-8.939816527888908,-6.83396546685024,9.861081920431046e-33,2.2192480862964783
144,108,-11.658288303249247,-13.649703343811296,1.2234877626405217e-26,2.2300326996800552
144,120,-12.267126382837642,-15.85437444862524,3.302161378872529e-27,2.0780270869440747
144,132,-15.974093735791843,-38.573947526578365,2.4705377950450516e-27,1.4940442433096888
144,144,-2.8685269156519015,-0.9357652599617026,1.3485661562117284e-27,26.270557073731762
144,156,-14.866818971558258,-29.667748790806698,5.223598654524607e-28,1.859419910585811
144,168,-13.195567196900281,-19.871646938160847,5.174449113213456e-29,1.8445541228779163
156,0,-18.412637812119105,-68.38471060030777,1.7506703664837049e-34,0.12747981769289932
156,12,-18.609243320406435,-71.59794576240019,4.816701217441617e-32,0.06592287451715745
156,24,-18.479859863043163,-69.46703304905961,5.371324857631142e-36,0.10520232005454253
156,36,-17.53727450708987,-55.718854435067875,3.655019147598006e-32,0.4241386877643298
156,48,-18.436701135533205,-68.770223397993,1.2493597037268438e-32,0.12011645742017689
156,60,-18.76617288193159,-74.26919792730685,1.5737126693025777e-34,0.013084828820920992
156,72,-18.72148906459162,-73.49873637840449,3.4243985610598762e-37,0.030369521785796244
156,84,-17.52137986858506,-55.5116498768914,4.180189657054448e-38,0.3919435036786741
156,96,-10.979538103306162,-11.530079033917309,5.423435850780773e-32,2.1843242020941216
156,108,-10.202785420739051,-9.478003569803281,2.7338822275178146e-30,2.3837878695248467
156,120,-14.193751016974767,-25.26486069421318,1.3416272005348705e-29,1.6843487101737793
156,132,-4.034770128411152,-1.5320776091461177,5.889838519721632e-28,22.037170831466177
156,144,-18.19429553055005,-64.98261951189303,5.172726925605352e-30,0.3149843946050841
156,156,-15.523069575430943,-34.67031606680939,1.869555095897535e-31,1.2829583937030962
168,0,-18.488975197097798,-69.61509044631863,5.617688471895766e-36,0.10356491245511566
168,12,-18.606409959658926,-71.55059791563201,4.452577482471639e-33,0.06525730561498018
168,24,-18.415748672425917,-68.43442881573132,3.271598087524936e-39,0.12544369242376846
168,36,-18.393093067598702,-68.07315712713894,1.3543495922335218e-35,0.13482705167437045
168,48,-18.574889225963695,-71.02593795897165,3.6517321814560927e-34,0.07324590502692309
168,60,-18.77724133879387,-74.46127414453122,8.221620826656412e-34,0.009499619295167861
168,72,-18.56413237031299,-70.8477607218745,3.1670294371788257e-39,0.08012724070975188
168,84,-17.41347373079727,-54.124843952961285,1.1525405820531095e-37,0.4303806532847283
168,96,-13.004434937011869,-18.97300881597258,1.0327849578847942e-34,1.832892242287798
168,108,-9.899031908275724,-8.770194079578838,3.99927578234216e-32,2.4883515804663103
168,120,-11.53116482548296,-13.227103224834002,4.129766782693817e-29,17.4331773109547
168,132,-17.810044700916844,-59.39548457105777,3.7808544517559545e-30,0.5797409717125078
168,144,-18.260644053261455,-65.99839598292441,9.11541570659959e-34,0.210985912046808
180,0,-18.4266761948751,-68.60935658341718,3.816283525626874e-37,0.12270627194709101
180,12,-18.542236679809598,-70.48643968583775,3.312928972976541e-36,0.08547723672622934
180,24,-18.605312658348513,-71.53226938209188,3.3715269415850355e-41,0.06369254901873583
180,36,-18.475106331887957,-69.38994618746187,3.959556794098993e-37,0.10429714039856844
180,48,-18.61973255941322,-71.77349888936922,2.0074789502586755e-33,0.05854054450648244
180,60,-18.190287929840053,-64.9217598798901,1.6874183963243936e-36,0.18910967585906677
180,72,-18.643216986630065,-72.1680867020151,1.3328004841950825e-39,0.058203001109087896
180,84,-17.912762907002854,-60.8409696662836,2.115943308000435e-40,0.2776319455636736
180,96,-12.940024470577589,-18.67897377908932,1.5225756083677652e-36,1.9661416322613228
180,108,-17.04403744529483,-49.62951236532584,4.832267664955766e-31,2.2846144266422077
180,120,-17.657556437145562,-57.3116920555686,4.7166884139979683e-32,0.5012623799535376
180,132,-17.930460216955204,-61.093483050619284,6.823554813469361e-34,0.3543943258010006
192,0,-18.28623102728208,-66.39429005512187,2.6757436196589826e-40,0.16801534884021854
192,12,-18.735206308210262,-73.73441353489743,5.94234606781616e-39,0.02296201722796718
192,24,-18.70276338199903,-73.17820813380101,1.0016809298769003e-42,0.03246963371065404
192,36,-18.473322763679462,-69.36104425584621,2.8295377721258132e-36,0.10394941770000753
192,48,-14.632101248112319,-28.054280484532814,1.2056856347468872e-35,1.2068053594092425
192,60,-17.728261097058937,-58.26879664627404,7.28666442242901e-36,0.33130328411733984
192,72,-18.69034825249951,-72.96645849789714,6.167242310592583e-42,0.03882264906250368
192,84,-17.431038534734263,-54.34824484577231,4.268775416563391e-42,0.4271163920359098
192,96,-18.373377464127646,-67.76029739937756,1.5353971296856136e-35,0.47174297925635145
192,108,-17.9560542278601,-61.46049515682346,8.167381022795242e-34,0.3311918047260253
192,120,-17.48285901947409,-55.01262188352823,2.591157484409012e-35,0.535879345975222
204,0,-18.65846612982956,-72.42544934646381,3.863435749764255e-43,0.04736991247207012
204,12,-18.767450963333342,-74.29135209290742,8.08432037496458e-41,0.012559635495926135
204,24,-18.72048559497014,-73.4815248811442,2.056158229530382e-42,0.02694370018369231
204,36,-10.400884257587421,-9.967014704230632,1.6038839508220766e-39,2.0221021309881113
204,48,-12.161363048321716,-15.448878959909703,3.0390774883319216e-35,1.7717205319591227
204,60,-17.94917529966323,-61.36164030562355,6.861790692763463e-39,0.264435596661171
204,72,-18.692941203718654,-73.01063329001941,8.745697998300475e-44,0.03727534713343601
204,84,-18.707108844209404,-73.25246648389245,6.9074975959037644e-43,0.03256764024505965
204,96,-18.545456451392965,-70.53945793946006,3.826998545800479e-38,0.1032724941774872
204,108,-17.473582762775223,-54.8931101300027,1.4141093816377585e-36,0.5084628563407964
216,0,-18.704321361053342,-73.20482344465208,6.279311384762824e-45,0.03222659176561915
216,12,-18.77396929915401,-74.40444190276652,4.062788693948677e-41,0.010508775636531634
216,24,-14.844484449666727,-29.510438186847463,3.121259665587502e-44,1.1462966191119177
216,36,-4.944007743041499,-2.1217690766490147,9.402665035136865e-40,2.530678465270659
216,48,-13.268806423197299,-20.226610083236114,5.784131800998394e-38,1.5680502445055988
216,60,-18.300330592474477,-66.61344419567718,3.8016710834680466e-40,0.1571654184067475
216,72,-18.745105672660415,-73.9049584185423,6.570826471040614e-44,0.02836966288903124
216,84,-18.70217967860655,-73.16823905429808,2.3925099472483005e-45,0.03355897787259457
216,96,-18.250472273916586,-65.8416600638646,9.639720769019084e-41,0.21827864291808258
228,0,-18.719971773634015,-73.47271336398053,5.1193660318644046e-45,0.02727280467694663
228,12,-16.5342453240406,-44.021973955332854,4.5337490861271154e-39,0.6858597687326408
228,24,-8.7089131911314,-6.42833222857257,9.355337954665528e-45,2.222448196427507
228,36,-5.7570033614192075,-2.7644396243941896,5.80139296835701e-41,2.5235603199211383
228,48,-15.993342274573905,-38.74973406377784,2.9019388891245063e-39,0.8848570866539558
228,60,-18.760621936317644,-74.17305387311187,7.362037175145818e-42,0.014651792660624116
228,72,-18.683557611408794,-72.85089470076504,2.6588313594504692e-46,0.03923318601213823
228,84,-18.52136536087174,-70.14371443471934,1.0209804914656566e-47,0.09151568983039504
240,0,-16.657738103906766,-45.32056097753919,7.438621745555569e-43,0.6591758346458285
240,12,-10.368256741292896,-9.884930843429055,2.775109418524912e-39,2.013293969655513
240,24,-8.082400242886154,-5.430430137910589,2.445022721793206e-47,2.299900490470794
240,36,-11.815640088749117,-14.190218079017793,2.317355628748685e-42,1.89633930010823
240,48,-18.61055330205407,-71.61984710469793,4.682019259956891e-41,0.06230266169120441
240,60,-18.747369697104318,-73.94401736938454,1.924224240538301e-44,0.018832431879700618
240,72,-18.35527013174785,-67.47420728149697,8.750335690833694e-49,0.1417631184692621
252,0,-10.415764515872185,-10.00465550112981,5.593982876366684e-43,2.038986338595999
252,12,-12.42471927990789,-16.47720289291048,3.16792376017461e-42,1.6939791406432703
252,24,-13.853010062011947,-23.282925430557032,2.673563625369693e-49,1.4191297459983216
252,36,-18.605087619715924,-71.5285110705051,7.078194351764603e-43,0.06421069752647031
252,48,-18.396649007356178,-68.1297363788493,3.440095546520559e-43,0.13181706709130434
252,60,-18.636549793247468,-72.05584684044116,7.683419537210265e-47,0.05331904399474687
264,0,-12.912733068975387,-18.555697328791457,6.7777215920003866e-46,1.6326978836376518
264,12,-15.983517824103279,-38.659915304051864,2.830526073746839e-44,0.8538556405512172
264,24,-18.683297093038497,-72.84646477165258,1.8155143080217207e-50,0.038670742503627474
264,36,-18.340911984102746,-67.2481994922455,1.812980688675381e-44,0.15096931325123975
264,48,-18.172891014641163,-64.65821949686368,2.048950706539418e-45,0.20510246626017095
276,0,-16.079086996681507,-39.542329565361406,9.745987348125058e-48,0.8431574374039794
276,12,-18.633679956106146,-72.00758716065027,2.5592150167770326e-46,0.05373573198788829
276,24,-18.289242196092385,-66.44103390321156,3.120978499543678e-53,0.16248535526880467
276,36,-18.40036405184309,-68.18889667966582,8.117472501640935e-47,0.13410910436742016
288,0,-18.636389976714238,-72.05315849927206,6.656528146818864e-50,0.053211463652687516
288,12,-18.206715102662766,-65.17158087008389,8.089549750468811e-48,0.18615861281065732
288,24,-18.358656902093934,-67.52762653317322,1.9793443575118923e-54,0.1420577611995778
300,0,-18.16575938982154,-64.55048947562466,2.7053550880555407e-51,0.19999781589436577
300,12,-18.290682224275066,-66.46339962423302,6.829625565741819e-50,0.16089059146561369
312,0,-18.236623433184043,-65.62885396086998,2.380986823541661e-53,0.17855174823063574
